Date,Age Groups,Gender,State,Veterans
9/30/2021,20-24,Female,Alabama,1160.227517
9/30/2021,20-24,Female,Alaska,367.3709733
9/30/2021,20-24,Female,Arizona,1184.720522
9/30/2021,20-24,Female,Arkansas,754.4445795
9/30/2021,20-24,Female,California,4792.976509
9/30/2021,20-24,Female,Colorado,1081.594692
9/30/2021,20-24,Female,Connecticut,444.3465579
9/30/2021,20-24,Female,Delaware,155.9171112
9/30/2021,20-24,Female,District of Columbia,47.21877686
9/30/2021,20-24,Female,Florida,3434.068171
9/30/2021,20-24,Female,Georgia,2675.971476
9/30/2021,20-24,Female,Hawaii,395.8429897
9/30/2021,20-24,Female,Idaho,351.2331021
9/30/2021,20-24,Female,Illinois,1761.580121
9/30/2021,20-24,Female,Indiana,1219.676418
9/30/2021,20-24,Female,Iowa,532.480934
9/30/2021,20-24,Female,Island Areas & Foreign,58.56548646
9/30/2021,20-24,Female,Kansas,683.8979358
9/30/2021,20-24,Female,Kentucky,834.156911
9/30/2021,20-24,Female,Louisiana,1117.30758
9/30/2021,20-24,Female,Maine,228.2007193
9/30/2021,20-24,Female,Maryland,860.1586425
9/30/2021,20-24,Female,Massachusetts,678.1105377
9/30/2021,20-24,Female,Michigan,1319.931557
9/30/2021,20-24,Female,Minnesota,845.9910375
9/30/2021,20-24,Female,Mississippi,844.4916669
9/30/2021,20-24,Female,Missouri,1132.437958
9/30/2021,20-24,Female,Montana,239.13275
9/30/2021,20-24,Female,Nebraska,354.2881645
9/30/2021,20-24,Female,Nevada,578.7574939
9/30/2021,20-24,Female,New Hampshire,213.5068307
9/30/2021,20-24,Female,New Jersey,855.5610392
9/30/2021,20-24,Female,New Mexico,366.0522253
9/30/2021,20-24,Female,New York,1714.968281
9/30/2021,20-24,Female,North Carolina,2462.4978
9/30/2021,20-24,Female,North Dakota,189.4364853
9/30/2021,20-24,Female,Ohio,2052.60624
9/30/2021,20-24,Female,Oklahoma,857.6427242
9/30/2021,20-24,Female,Oregon,633.0309387
9/30/2021,20-24,Female,Pennsylvania,1730.45604
9/30/2021,20-24,Female,Puerto Rico,107.8898966
9/30/2021,20-24,Female,Rhode Island,145.3036058
9/30/2021,20-24,Female,South Carolina,1351.304144
9/30/2021,20-24,Female,South Dakota,187.1726138
9/30/2021,20-24,Female,Tennessee,1274.644925
9/30/2021,20-24,Female,Texas,5181.985606
9/30/2021,20-24,Female,Utah,364.5610972
9/30/2021,20-24,Female,Vermont,70.99809347
9/30/2021,20-24,Female,Virginia,2058.492337
9/30/2021,20-24,Female,Washington,1333.205043
9/30/2021,20-24,Female,West Virginia,305.2552067
9/30/2021,20-24,Female,Wisconsin,909.853491
9/30/2021,20-24,Female,Wyoming,136.1830831
9/30/2021,20-24,Male,Alabama,4199.003163
9/30/2021,20-24,Male,Alaska,1432.855149
9/30/2021,20-24,Male,Arizona,4382.985817
9/30/2021,20-24,Male,Arkansas,2901.215492
9/30/2021,20-24,Male,California,19172.65704
9/30/2021,20-24,Male,Colorado,4361.647829
9/30/2021,20-24,Male,Connecticut,1826.003855
9/30/2021,20-24,Male,Delaware,611.5202227
9/30/2021,20-24,Male,District of Columbia,208.9893996
9/30/2021,20-24,Male,Florida,12441.55061
9/30/2021,20-24,Male,Georgia,9105.94789
9/30/2021,20-24,Male,Hawaii,1491.013844
9/30/2021,20-24,Male,Idaho,1386.593451
9/30/2021,20-24,Male,Illinois,6835.696874
9/30/2021,20-24,Male,Indiana,4988.481618
9/30/2021,20-24,Male,Iowa,2376.399545
9/30/2021,20-24,Male,Island Areas & Foreign,345.4840374
9/30/2021,20-24,Male,Kansas,2605.86104
9/30/2021,20-24,Male,Kentucky,3414.981209
9/30/2021,20-24,Male,Louisiana,3979.542612
9/30/2021,20-24,Male,Maine,941.6026427
9/30/2021,20-24,Male,Maryland,3246.641273
9/30/2021,20-24,Male,Massachusetts,2788.935837
9/30/2021,20-24,Male,Michigan,5214.417893
9/30/2021,20-24,Male,Minnesota,3479.438691
9/30/2021,20-24,Male,Mississippi,2894.219993
9/30/2021,20-24,Male,Missouri,4627.213097
9/30/2021,20-24,Male,Montana,974.5689991
9/30/2021,20-24,Male,Nebraska,1400.580902
9/30/2021,20-24,Male,Nevada,2062.418823
9/30/2021,20-24,Male,New Hampshire,928.5180697
9/30/2021,20-24,Male,New Jersey,3305.802749
9/30/2021,20-24,Male,New Mexico,1434.100802
9/30/2021,20-24,Male,New York,7167.237719
9/30/2021,20-24,Male,North Carolina,9415.481973
9/30/2021,20-24,Male,North Dakota,769.6957306
9/30/2021,20-24,Male,Ohio,8147.954935
9/30/2021,20-24,Male,Oklahoma,3560.551921
9/30/2021,20-24,Male,Oregon,2613.676823
9/30/2021,20-24,Male,Pennsylvania,7097.262957
9/30/2021,20-24,Male,Puerto Rico,503.4007736
9/30/2021,20-24,Male,Rhode Island,617.59905
9/30/2021,20-24,Male,South Carolina,4772.000533
9/30/2021,20-24,Male,South Dakota,775.6865543
9/30/2021,20-24,Male,Tennessee,5277.655619
9/30/2021,20-24,Male,Texas,19258.89741
9/30/2021,20-24,Male,Utah,1595.007792
9/30/2021,20-24,Male,Vermont,368.5770358
9/30/2021,20-24,Male,Virginia,8089.092892
9/30/2021,20-24,Male,Washington,5558.051844
9/30/2021,20-24,Male,West Virginia,1221.275034
9/30/2021,20-24,Male,Wisconsin,3561.650646
9/30/2021,20-24,Male,Wyoming,543.192486
9/30/2021,25-29,Female,Alabama,2254.167961
9/30/2021,25-29,Female,Alaska,774.8022673
9/30/2021,25-29,Female,Arizona,2621.946984
9/30/2021,25-29,Female,Arkansas,1228.146748
9/30/2021,25-29,Female,California,11336.7168
9/30/2021,25-29,Female,Colorado,2895.897425
9/30/2021,25-29,Female,Connecticut,862.8610182
9/30/2021,25-29,Female,Delaware,364.99616
9/30/2021,25-29,Female,District of Columbia,160.8615334
9/30/2021,25-29,Female,Florida,7783.463618
9/30/2021,25-29,Female,Georgia,5860.440346
9/30/2021,25-29,Female,Hawaii,1096.62718
9/30/2021,25-29,Female,Idaho,639.9005363
9/30/2021,25-29,Female,Illinois,3216.630186
9/30/2021,25-29,Female,Indiana,2050.225687
9/30/2021,25-29,Female,Iowa,908.092829
9/30/2021,25-29,Female,Island Areas & Foreign,256.3023714
9/30/2021,25-29,Female,Kansas,1457.510754
9/30/2021,25-29,Female,Kentucky,1480.820987
9/30/2021,25-29,Female,Louisiana,2009.841898
9/30/2021,25-29,Female,Maine,376.0657642
9/30/2021,25-29,Female,Maryland,2256.347764
9/30/2021,25-29,Female,Massachusetts,1316.211657
9/30/2021,25-29,Female,Michigan,2374.838556
9/30/2021,25-29,Female,Minnesota,1458.066392
9/30/2021,25-29,Female,Mississippi,1428.64611
9/30/2021,25-29,Female,Missouri,2108.316683
9/30/2021,25-29,Female,Montana,475.8948685
9/30/2021,25-29,Female,Nebraska,758.778408
9/30/2021,25-29,Female,Nevada,1383.918242
9/30/2021,25-29,Female,New Hampshire,429.4626405
9/30/2021,25-29,Female,New Jersey,1648.475648
9/30/2021,25-29,Female,New Mexico,858.3444613
9/30/2021,25-29,Female,New York,3579.695854
9/30/2021,25-29,Female,North Carolina,5406.701248
9/30/2021,25-29,Female,North Dakota,393.597542
9/30/2021,25-29,Female,Ohio,3758.211382
9/30/2021,25-29,Female,Oklahoma,1962.970557
9/30/2021,25-29,Female,Oregon,1195.618981
9/30/2021,25-29,Female,Pennsylvania,3373.014386
9/30/2021,25-29,Female,Puerto Rico,218.9498095
9/30/2021,25-29,Female,Rhode Island,309.076968
9/30/2021,25-29,Female,South Carolina,2803.612005
9/30/2021,25-29,Female,South Dakota,347.9931835
9/30/2021,25-29,Female,Tennessee,2483.898578
9/30/2021,25-29,Female,Texas,11503.67232
9/30/2021,25-29,Female,Utah,777.0468093
9/30/2021,25-29,Female,Vermont,158.9985469
9/30/2021,25-29,Female,Virginia,6333.787339
9/30/2021,25-29,Female,Washington,3664.611791
9/30/2021,25-29,Female,West Virginia,525.5874889
9/30/2021,25-29,Female,Wisconsin,1557.976193
9/30/2021,25-29,Female,Wyoming,242.8331954
9/30/2021,25-29,Male,Alabama,8662.421944
9/30/2021,25-29,Male,Alaska,3255.488067
9/30/2021,25-29,Male,Arizona,11599.40702
9/30/2021,25-29,Male,Arkansas,5650.328544
9/30/2021,25-29,Male,California,50465.3865
9/30/2021,25-29,Male,Colorado,12417.03189
9/30/2021,25-29,Male,Connecticut,3887.409373
9/30/2021,25-29,Male,Delaware,1386.291639
9/30/2021,25-29,Male,District of Columbia,706.3032071
9/30/2021,25-29,Male,Florida,30236.97046
9/30/2021,25-29,Male,Georgia,20484.99266
9/30/2021,25-29,Male,Hawaii,4006.559277
9/30/2021,25-29,Male,Idaho,2868.563811
9/30/2021,25-29,Male,Illinois,14243.83299
9/30/2021,25-29,Male,Indiana,9931.372137
9/30/2021,25-29,Male,Iowa,4559.886007
9/30/2021,25-29,Male,Island Areas & Foreign,933.1416911
9/30/2021,25-29,Male,Kansas,6535.485887
9/30/2021,25-29,Male,Kentucky,7736.647539
9/30/2021,25-29,Male,Louisiana,7814.447757
9/30/2021,25-29,Male,Maine,2095.6872
9/30/2021,25-29,Male,Maryland,8583.579551
9/30/2021,25-29,Male,Massachusetts,6761.094674
9/30/2021,25-29,Male,Michigan,11420.16042
9/30/2021,25-29,Male,Minnesota,6787.839502
9/30/2021,25-29,Male,Mississippi,5345.095932
9/30/2021,25-29,Male,Missouri,10115.68495
9/30/2021,25-29,Male,Montana,2077.946645
9/30/2021,25-29,Male,Nebraska,3388.065759
9/30/2021,25-29,Male,Nevada,5335.005443
9/30/2021,25-29,Male,New Hampshire,2330.600015
9/30/2021,25-29,Male,New Jersey,7577.26452
9/30/2021,25-29,Male,New Mexico,3547.191124
9/30/2021,25-29,Male,New York,16395.07512
9/30/2021,25-29,Male,North Carolina,21151.81566
9/30/2021,25-29,Male,North Dakota,1693.167732
9/30/2021,25-29,Male,Ohio,17197.16378
9/30/2021,25-29,Male,Oklahoma,8055.231122
9/30/2021,25-29,Male,Oregon,6213.509748
9/30/2021,25-29,Male,Pennsylvania,15452.82152
9/30/2021,25-29,Male,Puerto Rico,1283.335575
9/30/2021,25-29,Male,Rhode Island,1402.806434
9/30/2021,25-29,Male,South Carolina,10191.25092
9/30/2021,25-29,Male,South Dakota,1612.906375
9/30/2021,25-29,Male,Tennessee,11616.87287
9/30/2021,25-29,Male,Texas,46775.43194
9/30/2021,25-29,Male,Utah,3962.480902
9/30/2021,25-29,Male,Vermont,849.4825246
9/30/2021,25-29,Male,Virginia,22625.96866
9/30/2021,25-29,Male,Washington,15556.40179
9/30/2021,25-29,Male,West Virginia,2670.251393
9/30/2021,25-29,Male,Wisconsin,7304.99451
9/30/2021,25-29,Male,Wyoming,1177.457027
9/30/2021,30-34,Female,Alabama,3681.108214
9/30/2021,30-34,Female,Alaska,956.2502337
9/30/2021,30-34,Female,Arizona,3875.928039
9/30/2021,30-34,Female,Arkansas,1657.709621
9/30/2021,30-34,Female,California,15813.04009
9/30/2021,30-34,Female,Colorado,4182.306578
9/30/2021,30-34,Female,Connecticut,1074.471728
9/30/2021,30-34,Female,Delaware,476.9903192
9/30/2021,30-34,Female,District of Columbia,312.2539512
9/30/2021,30-34,Female,Florida,12150.45217
9/30/2021,30-34,Female,Georgia,9089.237025
9/30/2021,30-34,Female,Hawaii,1511.357142
9/30/2021,30-34,Female,Idaho,950.7696502
9/30/2021,30-34,Female,Illinois,4273.913677
9/30/2021,30-34,Female,Indiana,2930.754727
9/30/2021,30-34,Female,Iowa,1344.819137
9/30/2021,30-34,Female,Island Areas & Foreign,510.0854966
9/30/2021,30-34,Female,Kansas,2038.609089
9/30/2021,30-34,Female,Kentucky,2028.234891
9/30/2021,30-34,Female,Louisiana,3007.345825
9/30/2021,30-34,Female,Maine,619.0762706
9/30/2021,30-34,Female,Maryland,3518.521048
9/30/2021,30-34,Female,Massachusetts,1879.789609
9/30/2021,30-34,Female,Michigan,3507.664362
9/30/2021,30-34,Female,Minnesota,2095.263315
9/30/2021,30-34,Female,Mississippi,2034.032422
9/30/2021,30-34,Female,Missouri,2996.66375
9/30/2021,30-34,Female,Montana,749.7576942
9/30/2021,30-34,Female,Nebraska,1188.401373
9/30/2021,30-34,Female,Nevada,2234.313997
9/30/2021,30-34,Female,New Hampshire,595.2856212
9/30/2021,30-34,Female,New Jersey,2337.238444
9/30/2021,30-34,Female,New Mexico,1171.688578
9/30/2021,30-34,Female,New York,4988.523271
9/30/2021,30-34,Female,North Carolina,7435.974467
9/30/2021,30-34,Female,North Dakota,576.6955309
9/30/2021,30-34,Female,Ohio,5178.964508
9/30/2021,30-34,Female,Oklahoma,2839.358103
9/30/2021,30-34,Female,Oregon,1902.110664
9/30/2021,30-34,Female,Pennsylvania,4840.993084
9/30/2021,30-34,Female,Puerto Rico,324.0834085
9/30/2021,30-34,Female,Rhode Island,532.6933469
9/30/2021,30-34,Female,South Carolina,4217.918372
9/30/2021,30-34,Female,South Dakota,557.8809131
9/30/2021,30-34,Female,Tennessee,3924.008603
9/30/2021,30-34,Female,Texas,18266.50704
9/30/2021,30-34,Female,Utah,1136.74249
9/30/2021,30-34,Female,Vermont,244.0476334
9/30/2021,30-34,Female,Virginia,9990.113925
9/30/2021,30-34,Female,Washington,5312.234377
9/30/2021,30-34,Female,West Virginia,751.6157658
9/30/2021,30-34,Female,Wisconsin,2384.224294
9/30/2021,30-34,Female,Wyoming,455.4896248
9/30/2021,30-34,Male,Alabama,13122.77359
9/30/2021,30-34,Male,Alaska,4226.893393
9/30/2021,30-34,Male,Arizona,18884.18595
9/30/2021,30-34,Male,Arkansas,8432.232886
9/30/2021,30-34,Male,California,74379.70205
9/30/2021,30-34,Male,Colorado,19532.31553
9/30/2021,30-34,Male,Connecticut,5498.776571
9/30/2021,30-34,Male,Delaware,2020.262892
9/30/2021,30-34,Male,District of Columbia,1137.895832
9/30/2021,30-34,Male,Florida,47435.69857
9/30/2021,30-34,Male,Georgia,28967.50686
9/30/2021,30-34,Male,Hawaii,5395.224462
9/30/2021,30-34,Male,Idaho,4814.975082
9/30/2021,30-34,Male,Illinois,21249.4337
9/30/2021,30-34,Male,Indiana,15562.30321
9/30/2021,30-34,Male,Iowa,7180.803103
9/30/2021,30-34,Male,Island Areas & Foreign,2305.813362
9/30/2021,30-34,Male,Kansas,9911.111603
9/30/2021,30-34,Male,Kentucky,10991.85596
9/30/2021,30-34,Male,Louisiana,11413.72147
9/30/2021,30-34,Male,Maine,3258.607874
9/30/2021,30-34,Male,Maryland,12929.69735
9/30/2021,30-34,Male,Massachusetts,10457.09959
9/30/2021,30-34,Male,Michigan,18543.43019
9/30/2021,30-34,Male,Minnesota,10807.11998
9/30/2021,30-34,Male,Mississippi,7282.27673
9/30/2021,30-34,Male,Missouri,15272.35024
9/30/2021,30-34,Male,Montana,3417.633409
9/30/2021,30-34,Male,Nebraska,5574.457083
9/30/2021,30-34,Male,Nevada,8964.347895
9/30/2021,30-34,Male,New Hampshire,3434.05778
9/30/2021,30-34,Male,New Jersey,10988.51332
9/30/2021,30-34,Male,New Mexico,5103.229502
9/30/2021,30-34,Male,New York,24322.74639
9/30/2021,30-34,Male,North Carolina,28964.95482
9/30/2021,30-34,Male,North Dakota,2774.604389
9/30/2021,30-34,Male,Ohio,25676.8592
9/30/2021,30-34,Male,Oklahoma,13023.7246
9/30/2021,30-34,Male,Oregon,10372.97561
9/30/2021,30-34,Male,Pennsylvania,24220.77671
9/30/2021,30-34,Male,Puerto Rico,1756.038306
9/30/2021,30-34,Male,Rhode Island,2365.386218
9/30/2021,30-34,Male,South Carolina,15009.83144
9/30/2021,30-34,Male,South Dakota,2463.8274
9/30/2021,30-34,Male,Tennessee,17715.14606
9/30/2021,30-34,Male,Texas,72996.68198
9/30/2021,30-34,Male,Utah,6540.373662
9/30/2021,30-34,Male,Vermont,1375.169023
9/30/2021,30-34,Male,Virginia,32760.43053
9/30/2021,30-34,Male,Washington,24078.18521
9/30/2021,30-34,Male,West Virginia,4469.426423
9/30/2021,30-34,Male,Wisconsin,11340.94313
9/30/2021,30-34,Male,Wyoming,1882.978752
9/30/2021,35-39,Female,Alabama,3847.178478
9/30/2021,35-39,Female,Alaska,1102.489114
9/30/2021,35-39,Female,Arizona,4656.323246
9/30/2021,35-39,Female,Arkansas,1746.310798
9/30/2021,35-39,Female,California,17658.84303
9/30/2021,35-39,Female,Colorado,4955.008415
9/30/2021,35-39,Female,Connecticut,1215.247567
9/30/2021,35-39,Female,Delaware,605.2168534
9/30/2021,35-39,Female,District of Columbia,452.3319638
9/30/2021,35-39,Female,Florida,14351.61115
9/30/2021,35-39,Female,Georgia,9764.060495
9/30/2021,35-39,Female,Hawaii,1774.900034
9/30/2021,35-39,Female,Idaho,1154.768111
9/30/2021,35-39,Female,Illinois,5446.666915
9/30/2021,35-39,Female,Indiana,3284.387692
9/30/2021,35-39,Female,Iowa,1576.70871
9/30/2021,35-39,Female,Island Areas & Foreign,613.5647431
9/30/2021,35-39,Female,Kansas,2270.791484
9/30/2021,35-39,Female,Kentucky,2429.605524
9/30/2021,35-39,Female,Louisiana,3756.851766
9/30/2021,35-39,Female,Maine,754.9266759
9/30/2021,35-39,Female,Maryland,4991.498897
9/30/2021,35-39,Female,Massachusetts,2124.849442
9/30/2021,35-39,Female,Michigan,3752.292768
9/30/2021,35-39,Female,Minnesota,2589.411872
9/30/2021,35-39,Female,Mississippi,2363.218049
9/30/2021,35-39,Female,Missouri,3635.924413
9/30/2021,35-39,Female,Montana,939.0410042
9/30/2021,35-39,Female,Nebraska,1412.684206
9/30/2021,35-39,Female,Nevada,2469.670745
9/30/2021,35-39,Female,New Hampshire,664.2885297
9/30/2021,35-39,Female,New Jersey,2712.772048
9/30/2021,35-39,Female,New Mexico,1437.764095
9/30/2021,35-39,Female,New York,6177.018999
9/30/2021,35-39,Female,North Carolina,8350.125617
9/30/2021,35-39,Female,North Dakota,722.212331
9/30/2021,35-39,Female,Ohio,5901.672842
9/30/2021,35-39,Female,Oklahoma,3386.160703
9/30/2021,35-39,Female,Oregon,2383.323054
9/30/2021,35-39,Female,Pennsylvania,5729.984377
9/30/2021,35-39,Female,Puerto Rico,351.6690746
9/30/2021,35-39,Female,Rhode Island,537.5206344
9/30/2021,35-39,Female,South Carolina,4488.541128
9/30/2021,35-39,Female,South Dakota,670.2756592
9/30/2021,35-39,Female,Tennessee,4208.168048
9/30/2021,35-39,Female,Texas,22288.12925
9/30/2021,35-39,Female,Utah,1304.922109
9/30/2021,35-39,Female,Vermont,276.2642846
9/30/2021,35-39,Female,Virginia,11663.97818
9/30/2021,35-39,Female,Washington,6124.248023
9/30/2021,35-39,Female,West Virginia,972.4799688
9/30/2021,35-39,Female,Wisconsin,2956.828073
9/30/2021,35-39,Female,Wyoming,507.8866411
9/30/2021,35-39,Male,Alabama,15087.33684
9/30/2021,35-39,Male,Alaska,4474.368662
9/30/2021,35-39,Male,Arizona,21451.92074
9/30/2021,35-39,Male,Arkansas,8999.056159
9/30/2021,35-39,Male,California,82725.1242
9/30/2021,35-39,Male,Colorado,21492.28927
9/30/2021,35-39,Male,Connecticut,6028.386571
9/30/2021,35-39,Male,Delaware,2366.410776
9/30/2021,35-39,Male,District of Columbia,1660.98477
9/30/2021,35-39,Male,Florida,56115.94393
9/30/2021,35-39,Male,Georgia,31051.4387
9/30/2021,35-39,Male,Hawaii,6002.047723
9/30/2021,35-39,Male,Idaho,5361.285984
9/30/2021,35-39,Male,Illinois,26111.71541
9/30/2021,35-39,Male,Indiana,17422.85805
9/30/2021,35-39,Male,Iowa,8450.785786
9/30/2021,35-39,Male,Island Areas & Foreign,3681.204444
9/30/2021,35-39,Male,Kansas,10532.68487
9/30/2021,35-39,Male,Kentucky,12816.74802
9/30/2021,35-39,Male,Louisiana,14479.37119
9/30/2021,35-39,Male,Maine,3758.664707
9/30/2021,35-39,Male,Maryland,16724.31088
9/30/2021,35-39,Male,Massachusetts,12006.28958
9/30/2021,35-39,Male,Michigan,20793.93508
9/30/2021,35-39,Male,Minnesota,12482.34026
9/30/2021,35-39,Male,Mississippi,8274.740188
9/30/2021,35-39,Male,Missouri,17869.68815
9/30/2021,35-39,Male,Montana,4000.813442
9/30/2021,35-39,Male,Nebraska,6326.589241
9/30/2021,35-39,Male,Nevada,10253.31236
9/30/2021,35-39,Male,New Hampshire,3605.731988
9/30/2021,35-39,Male,New Jersey,13130.56631
9/30/2021,35-39,Male,New Mexico,6044.32269
9/30/2021,35-39,Male,New York,29649.11953
9/30/2021,35-39,Male,North Carolina,30714.8981
9/30/2021,35-39,Male,North Dakota,3001.976664
9/30/2021,35-39,Male,Ohio,29861.2653
9/30/2021,35-39,Male,Oklahoma,15679.25439
9/30/2021,35-39,Male,Oregon,12552.52139
9/30/2021,35-39,Male,Pennsylvania,29199.42743
9/30/2021,35-39,Male,Puerto Rico,1881.607589
9/30/2021,35-39,Male,Rhode Island,2574.746295
9/30/2021,35-39,Male,South Carolina,16212.86737
9/30/2021,35-39,Male,South Dakota,3118.921213
9/30/2021,35-39,Male,Tennessee,18912.7747
9/30/2021,35-39,Male,Texas,89036.14792
9/30/2021,35-39,Male,Utah,7685.731742
9/30/2021,35-39,Male,Vermont,1514.980326
9/30/2021,35-39,Male,Virginia,36867.61269
9/30/2021,35-39,Male,Washington,27373.6451
9/30/2021,35-39,Male,West Virginia,5410.036412
9/30/2021,35-39,Male,Wisconsin,13477.75115
9/30/2021,35-39,Male,Wyoming,2197.485045
9/30/2021,40-44,Female,Alabama,4384.48504
9/30/2021,40-44,Female,Alaska,1120.356057
9/30/2021,40-44,Female,Arizona,4784.169735
9/30/2021,40-44,Female,Arkansas,1811.107116
9/30/2021,40-44,Female,California,16802.81194
9/30/2021,40-44,Female,Colorado,4894.014963
9/30/2021,40-44,Female,Connecticut,1322.941528
9/30/2021,40-44,Female,Delaware,721.6738496
9/30/2021,40-44,Female,District of Columbia,523.2612671
9/30/2021,40-44,Female,Florida,15869.79883
9/30/2021,40-44,Female,Georgia,10336.32979
9/30/2021,40-44,Female,Hawaii,1767.472779
9/30/2021,40-44,Female,Idaho,1090.247714
9/30/2021,40-44,Female,Illinois,5768.967715
9/30/2021,40-44,Female,Indiana,2976.074048
9/30/2021,40-44,Female,Iowa,1569.923497
9/30/2021,40-44,Male,South Dakota,3215.272263
9/30/2021,40-44,Female,Island Areas & Foreign,573.1328051
9/30/2021,40-44,Female,Kansas,2105.51966
9/30/2021,40-44,Female,Kentucky,2539.116068
9/30/2021,40-44,Female,Louisiana,4103.234129
9/30/2021,40-44,Female,Maine,804.9031402
9/30/2021,40-44,Female,Maryland,6086.463481
9/30/2021,40-44,Female,Massachusetts,2323.197676
9/30/2021,40-44,Female,Michigan,4016.282144
9/30/2021,40-44,Female,Minnesota,2489.304596
9/30/2021,40-44,Female,Mississippi,2466.370562
9/30/2021,40-44,Female,Missouri,3883.042286
9/30/2021,40-44,Female,Montana,941.3361888
9/30/2021,40-44,Female,Nebraska,1286.579187
9/30/2021,40-44,Female,Nevada,2513.026412
9/30/2021,40-44,Female,New Hampshire,712.8935155
9/30/2021,40-44,Female,New Jersey,2932.128469
9/30/2021,40-44,Female,New Mexico,1633.337179
9/30/2021,40-44,Female,New York,6513.951815
9/30/2021,40-44,Female,North Carolina,8567.725418
9/30/2021,40-44,Female,North Dakota,638.2143314
9/30/2021,40-44,Female,Ohio,6179.136413
9/30/2021,40-44,Female,Oklahoma,3391.976692
9/30/2021,40-44,Female,Oregon,2419.305877
9/30/2021,40-44,Female,Pennsylvania,6200.885524
9/30/2021,40-44,Female,Puerto Rico,406.9266158
9/30/2021,40-44,Female,Rhode Island,544.5015599
9/30/2021,40-44,Female,South Carolina,4889.299277
9/30/2021,40-44,Female,South Dakota,767.9468337
9/30/2021,40-44,Female,Tennessee,4390.735145
9/30/2021,40-44,Female,Texas,22679.63713
9/30/2021,40-44,Female,Utah,1315.953103
9/30/2021,40-44,Female,Vermont,295.8180186
9/30/2021,40-44,Female,Virginia,12646.56061
9/30/2021,40-44,Female,Washington,6172.090336
9/30/2021,40-44,Female,West Virginia,1160.192967
9/30/2021,40-44,Female,Wisconsin,2930.994752
9/30/2021,40-44,Female,Wyoming,516.9409956
9/30/2021,40-44,Male,Alabama,16369.57687
9/30/2021,40-44,Male,Alaska,4389.510689
9/30/2021,40-44,Male,Arizona,22004.50931
9/30/2021,40-44,Male,Arkansas,9270.867492
9/30/2021,40-44,Male,California,83497.364
9/30/2021,40-44,Male,Colorado,20210.57061
9/30/2021,40-44,Male,Connecticut,6331.046176
9/30/2021,40-44,Male,Delaware,2553.033352
9/30/2021,40-44,Male,District of Columbia,1850.04731
9/30/2021,40-44,Male,Florida,60576.4556
9/30/2021,40-44,Male,Georgia,33420.1992
9/30/2021,40-44,Male,Hawaii,6754.531329
9/30/2021,40-44,Male,Idaho,5570.261258
9/30/2021,40-44,Male,Illinois,27446.05555
9/30/2021,40-44,Male,Indiana,16319.73259
9/30/2021,40-44,Male,Iowa,8124.760218
9/30/2021,40-44,Male,Island Areas & Foreign,4095.869209
9/30/2021,40-44,Male,Kansas,10161.26513
9/30/2021,40-44,Male,Kentucky,13122.15624
9/30/2021,40-44,Male,Louisiana,16233.43606
9/30/2021,40-44,Male,Maine,4062.586639
9/30/2021,40-44,Male,Maryland,19162.44491
9/30/2021,40-44,Male,Massachusetts,11814.8006
9/30/2021,40-44,Male,Michigan,19585.37373
9/30/2021,40-44,Male,Minnesota,11600.95607
9/30/2021,40-44,Male,Mississippi,9011.57467
9/30/2021,40-44,Male,Missouri,18140.74471
9/30/2021,40-44,Male,Montana,4131.970618
9/30/2021,40-44,Male,Nebraska,6006.052482
9/30/2021,40-44,Male,Nevada,10605.59443
9/30/2021,40-44,Male,New Hampshire,3558.834731
9/30/2021,40-44,Male,New Jersey,13831.73944
9/30/2021,40-44,Male,New Mexico,6957.043016
9/30/2021,40-44,Male,New York,30743.10109
9/30/2021,40-44,Male,North Carolina,31198.9604
9/30/2021,40-44,Male,North Dakota,3014.836829
9/30/2021,40-44,Male,Ohio,29788.26701
9/30/2021,40-44,Male,Oklahoma,16053.42341
9/30/2021,40-44,Male,Oregon,12380.37115
9/30/2021,40-44,Male,Pennsylvania,30336.97707
9/30/2021,40-44,Male,Puerto Rico,2253.823109
9/30/2021,40-44,Male,Rhode Island,2666.96497
9/30/2021,40-44,Male,South Carolina,17541.50691
9/30/2021,40-44,Male,Tennessee,19477.74723
9/30/2021,40-44,Male,Texas,93086.14393
9/30/2021,40-44,Male,Utah,7997.031805
9/30/2021,40-44,Male,Vermont,1498.91391
9/30/2021,40-44,Male,Virginia,40887.84074
9/30/2021,40-44,Male,Washington,28024.04949
9/30/2021,40-44,Male,West Virginia,6321.636701
9/30/2021,40-44,Male,Wisconsin,12327.47771
9/30/2021,40-44,Male,Wyoming,2396.678352
9/30/2021,45-49,Female,Alabama,4156.13368
9/30/2021,45-49,Female,Alaska,925.851699
9/30/2021,45-49,Female,Arizona,4386.914914
9/30/2021,45-49,Female,Arkansas,1689.910185
9/30/2021,45-49,Female,California,13246.53513
9/30/2021,45-49,Female,Colorado,4277.078824
9/30/2021,45-49,Female,Connecticut,1202.282446
9/30/2021,45-49,Female,Delaware,628.8162439
9/30/2021,45-49,Female,District of Columbia,386.9480572
9/30/2021,45-49,Female,Florida,15010.30321
9/30/2021,45-49,Female,Georgia,9655.078638
9/30/2021,45-49,Female,Hawaii,1297.790307
9/30/2021,45-49,Female,Idaho,1004.789206
9/30/2021,45-49,Female,Illinois,5039.330808
9/30/2021,45-49,Female,Indiana,2955.550708
9/30/2021,45-49,Female,Iowa,1347.42376
9/30/2021,45-49,Female,Island Areas & Foreign,561.5490382
9/30/2021,45-49,Female,Kansas,1790.79947
9/30/2021,45-49,Female,Kentucky,2437.364057
9/30/2021,45-49,Female,Louisiana,3555.786798
9/30/2021,45-49,Female,Maine,858.8706535
9/30/2021,45-49,Female,Maryland,5463.015362
9/30/2021,45-49,Female,Massachusetts,2085.358346
9/30/2021,45-49,Female,Michigan,4066.715627
9/30/2021,45-49,Female,Minnesota,1981.424373
9/30/2021,45-49,Female,Mississippi,2098.365638
9/30/2021,45-49,Female,Missouri,3410.153103
9/30/2021,45-49,Female,Montana,795.6607343
9/30/2021,45-49,Female,Nebraska,1218.208428
9/30/2021,45-49,Female,Nevada,2091.254567
9/30/2021,45-49,Female,New Hampshire,719.3084972
9/30/2021,45-49,Female,New Jersey,2337.68686
9/30/2021,45-49,Female,New Mexico,1409.462898
9/30/2021,45-49,Female,New York,5428.39709
9/30/2021,45-49,Female,North Carolina,8157.196263
9/30/2021,45-49,Female,North Dakota,511.5898955
9/30/2021,45-49,Female,Ohio,5895.127491
9/30/2021,45-49,Female,Oklahoma,2901.948979
9/30/2021,45-49,Female,Oregon,2287.480506
9/30/2021,45-49,Female,Pennsylvania,5648.658816
9/30/2021,45-49,Female,Puerto Rico,367.7907006
9/30/2021,45-49,Female,Rhode Island,432.4728229
9/30/2021,45-49,Female,South Carolina,4464.842547
9/30/2021,45-49,Female,South Dakota,590.0076067
9/30/2021,45-49,Female,Tennessee,4275.509398
9/30/2021,45-49,Female,Texas,19956.17323
9/30/2021,45-49,Female,Utah,1093.825241
9/30/2021,45-49,Female,Vermont,328.401828
9/30/2021,45-49,Female,Virginia,11477.63543
9/30/2021,45-49,Female,Washington,5433.751717
9/30/2021,45-49,Female,West Virginia,1132.492866
9/30/2021,45-49,Female,Wisconsin,2706.701559
9/30/2021,45-49,Female,Wyoming,429.7225484
9/30/2021,45-49,Male,Alabama,18844.43002
9/30/2021,45-49,Male,Alaska,4117.979627
9/30/2021,45-49,Male,Arizona,22723.33963
9/30/2021,45-49,Male,Arkansas,10082.42137
9/30/2021,45-49,Male,California,79765.15534
9/30/2021,45-49,Male,Colorado,21119.73783
9/30/2021,45-49,Male,Connecticut,6730.910038
9/30/2021,45-49,Male,Delaware,2804.975187
9/30/2021,45-49,Male,District of Columbia,1572.931485
9/30/2021,45-49,Male,Florida,67619.06067
9/30/2021,45-49,Male,Georgia,37286.0039
9/30/2021,45-49,Male,Hawaii,6142.704932
9/30/2021,45-49,Male,Idaho,5998.121698
9/30/2021,45-49,Male,Illinois,28663.85414
9/30/2021,45-49,Male,Indiana,18953.27589
9/30/2021,45-49,Male,Iowa,8818.967622
9/30/2021,45-49,Male,Island Areas & Foreign,4918.82414
9/30/2021,45-49,Male,Kansas,10209.1582
9/30/2021,45-49,Male,Kentucky,15251.70001
9/30/2021,45-49,Male,Louisiana,16917.378
9/30/2021,45-49,Male,Maine,4854.515512
9/30/2021,45-49,Male,Maryland,19919.23093
9/30/2021,45-49,Male,Massachusetts,12991.93958
9/30/2021,45-49,Male,Michigan,23690.017
9/30/2021,45-49,Male,Minnesota,12295.78486
9/30/2021,45-49,Male,Mississippi,10252.81466
9/30/2021,45-49,Male,Missouri,19921.85918
9/30/2021,45-49,Male,Montana,4258.591818
9/30/2021,45-49,Male,Nebraska,6359.026019
9/30/2021,45-49,Male,Nevada,10880.52103
9/30/2021,45-49,Male,New Hampshire,4294.713829
9/30/2021,45-49,Male,New Jersey,13911.91849
9/30/2021,45-49,Male,New Mexico,6988.836526
9/30/2021,45-49,Male,New York,30828.60944
9/30/2021,45-49,Male,North Carolina,36053.07502
9/30/2021,45-49,Male,North Dakota,2888.31538
9/30/2021,45-49,Male,Ohio,34090.18187
9/30/2021,45-49,Male,Oklahoma,16282.17714
9/30/2021,45-49,Male,Oregon,13299.03632
9/30/2021,45-49,Male,Pennsylvania,33532.52807
9/30/2021,45-49,Male,Puerto Rico,2387.53943
9/30/2021,45-49,Male,Rhode Island,2830.993636
9/30/2021,45-49,Male,South Carolina,19971.73749
9/30/2021,45-49,Male,South Dakota,3244.544151
9/30/2021,45-49,Male,Tennessee,22072.30083
9/30/2021,45-49,Male,Texas,95309.69358
9/30/2021,45-49,Male,Utah,7520.702796
9/30/2021,45-49,Male,Vermont,1845.749479
9/30/2021,45-49,Male,Virginia,43373.09057
9/30/2021,45-49,Male,Washington,28660.92341
9/30/2021,45-49,Male,West Virginia,7548.390083
9/30/2021,45-49,Male,Wisconsin,13827.36316
9/30/2021,45-49,Male,Wyoming,2416.574911
9/30/2021,50-54,Female,Alabama,4856.642153
9/30/2021,50-54,Female,Alaska,979.67881
9/30/2021,50-54,Female,Arizona,5027.072295
9/30/2021,50-54,Female,Arkansas,2034.681468
9/30/2021,50-54,Female,California,13688.6753
9/30/2021,50-54,Female,Colorado,4963.788443
9/30/2021,50-54,Female,Connecticut,1315.127602
9/30/2021,50-54,Female,Delaware,790.8434453
9/30/2021,50-54,Female,District of Columbia,427.7658993
9/30/2021,50-54,Female,Florida,17131.52745
9/30/2021,50-54,Female,Georgia,11264.38576
9/30/2021,50-54,Female,Hawaii,1263.313027
9/30/2021,50-54,Female,Idaho,1221.90359
9/30/2021,50-54,Female,Illinois,6168.921843
9/30/2021,50-54,Female,Indiana,3943.240624
9/30/2021,50-54,Female,Iowa,1750.828157
9/30/2021,50-54,Female,Island Areas & Foreign,506.4761874
9/30/2021,50-54,Female,Kansas,1950.16064
9/30/2021,50-54,Female,Kentucky,3061.322237
9/30/2021,50-54,Female,Louisiana,3871.397695
9/30/2021,50-54,Female,Maine,957.4813781
9/30/2021,50-54,Female,Maryland,6360.218533
9/30/2021,50-54,Female,Massachusetts,2342.034669
9/30/2021,50-54,Female,Michigan,5748.953873
9/30/2021,50-54,Female,Minnesota,2651.152928
9/30/2021,50-54,Female,Mississippi,2439.85584
9/30/2021,50-54,Female,Missouri,4167.287485
9/30/2021,50-54,Female,Montana,940.4117049
9/30/2021,50-54,Female,Nebraska,1348.486007
9/30/2021,50-54,Female,Nevada,2250.000381
9/30/2021,50-54,Female,New Hampshire,842.2214603
9/30/2021,50-54,Female,New Jersey,2461.620448
9/30/2021,50-54,Female,New Mexico,1617.045589
9/30/2021,50-54,Female,New York,6320.603216
9/30/2021,50-54,Female,North Carolina,9237.279546
9/30/2021,50-54,Female,North Dakota,595.8021179
9/30/2021,50-54,Female,Ohio,7737.301142
9/30/2021,50-54,Female,Oklahoma,3099.781336
9/30/2021,50-54,Female,Oregon,2800.68242
9/30/2021,50-54,Female,Pennsylvania,7039.210593
9/30/2021,50-54,Female,Puerto Rico,362.4991922
9/30/2021,50-54,Female,Rhode Island,491.2750281
9/30/2021,50-54,Female,South Carolina,4977.698198
9/30/2021,50-54,Female,South Dakota,795.6153892
9/30/2021,50-54,Female,Tennessee,5417.531712
9/30/2021,50-54,Female,Texas,21088.34509
9/30/2021,50-54,Female,Utah,1169.759122
9/30/2021,50-54,Female,Vermont,398.5027846
9/30/2021,50-54,Female,Virginia,12235.14943
9/30/2021,50-54,Female,Washington,6098.068961
9/30/2021,50-54,Female,West Virginia,1246.020078
9/30/2021,50-54,Female,Wisconsin,3520.715046
9/30/2021,50-54,Female,Wyoming,460.2813324
9/30/2021,50-54,Male,Alabama,27006.88904
9/30/2021,50-54,Male,Alaska,4875.59265
9/30/2021,50-54,Male,Arizona,30681.32685
9/30/2021,50-54,Male,Arkansas,14169.60971
9/30/2021,50-54,Male,California,99966.06365
9/30/2021,50-54,Male,Colorado,28490.61923
9/30/2021,50-54,Male,Connecticut,9352.237425
9/30/2021,50-54,Male,Delaware,4001.814955
9/30/2021,50-54,Male,District of Columbia,1976.894903
9/30/2021,50-54,Male,Florida,94301.5767
9/30/2021,50-54,Male,Georgia,53379.84895
9/30/2021,50-54,Male,Hawaii,7602.072079
9/30/2021,50-54,Male,Idaho,8525.826597
9/30/2021,50-54,Male,Illinois,42576.20958
9/30/2021,50-54,Male,Indiana,30049.14661
9/30/2021,50-54,Male,Iowa,13756.2608
9/30/2021,50-54,Male,Island Areas & Foreign,7076.238281
9/30/2021,50-54,Male,Kansas,13200.91165
9/30/2021,50-54,Male,Kentucky,22164.88059
9/30/2021,50-54,Male,Louisiana,23604.70555
9/30/2021,50-54,Male,Maine,6929.305845
9/30/2021,50-54,Male,Maryland,27202.34716
9/30/2021,50-54,Male,Massachusetts,18429.16515
9/30/2021,50-54,Male,Michigan,38982.22998
9/30/2021,50-54,Male,Minnesota,19770.53668
9/30/2021,50-54,Male,Mississippi,14480.17037
9/30/2021,50-54,Male,Missouri,28846.06302
9/30/2021,50-54,Male,Montana,5940.234638
9/30/2021,50-54,Male,Nebraska,9304.483299
9/30/2021,50-54,Male,Nevada,14581.79691
9/30/2021,50-54,Male,New Hampshire,6382.771134
9/30/2021,50-54,Male,New Jersey,19078.80419
9/30/2021,50-54,Male,New Mexico,9654.820108
9/30/2021,50-54,Male,New York,44315.96316
9/30/2021,50-54,Male,North Carolina,49299.94183
9/30/2021,50-54,Male,North Dakota,3964.904889
9/30/2021,50-54,Male,Ohio,53151.4003
9/30/2021,50-54,Male,Oklahoma,20706.30484
9/30/2021,50-54,Male,Oregon,18959.33892
9/30/2021,50-54,Male,Pennsylvania,50502.47038
9/30/2021,50-54,Male,Puerto Rico,2794.15218
9/30/2021,50-54,Male,Rhode Island,3691.506772
9/30/2021,50-54,Male,South Carolina,27733.36441
9/30/2021,50-54,Male,South Dakota,4614.793161
9/30/2021,50-54,Male,Tennessee,33062.29238
9/30/2021,50-54,Male,Texas,122980.5412
9/30/2021,50-54,Male,Utah,8890.321302
9/30/2021,50-54,Male,Vermont,2740.91454
9/30/2021,50-54,Male,Virginia,54797.30573
9/30/2021,50-54,Male,Washington,39237.11125
9/30/2021,50-54,Male,West Virginia,10322.11616
9/30/2021,50-54,Male,Wisconsin,23078.53714
9/30/2021,50-54,Male,Wyoming,3340.683557
9/30/2021,55-59,Female,Alabama,4690.480233
9/30/2021,55-59,Female,Alaska,918.921128
9/30/2021,55-59,Female,Arizona,5584.592069
9/30/2021,55-59,Female,Arkansas,1967.845503
9/30/2021,55-59,Female,California,15260.21853
9/30/2021,55-59,Female,Colorado,5225.131764
9/30/2021,55-59,Female,Connecticut,1540.101592
9/30/2021,55-59,Female,Delaware,1101.480216
9/30/2021,55-59,Female,District of Columbia,499.9932833
9/30/2021,55-59,Female,Florida,19028.40915
9/30/2021,55-59,Female,Georgia,11205.52783
9/30/2021,55-59,Female,Hawaii,1218.464602
9/30/2021,55-59,Female,Idaho,1220.048317
9/30/2021,55-59,Female,Illinois,5942.002242
9/30/2021,55-59,Female,Indiana,4263.266135
9/30/2021,55-59,Female,Iowa,1857.515414
9/30/2021,55-59,Female,Island Areas & Foreign,641.8479464
9/30/2021,55-59,Female,Kansas,1939.453892
9/30/2021,55-59,Female,Kentucky,3289.915152
9/30/2021,55-59,Female,Louisiana,3089.143343
9/30/2021,55-59,Female,Maine,1198.807878
9/30/2021,55-59,Female,Maryland,7067.558958
9/30/2021,55-59,Female,Massachusetts,2949.579877
9/30/2021,55-59,Female,Michigan,6296.457589
9/30/2021,55-59,Female,Minnesota,2917.270972
9/30/2021,55-59,Female,Mississippi,2290.503241
9/30/2021,55-59,Female,Missouri,4525.065931
9/30/2021,55-59,Female,Montana,914.8852312
9/30/2021,55-59,Female,Nebraska,1405.740156
9/30/2021,55-59,Female,Nevada,2503.080919
9/30/2021,55-59,Female,New Hampshire,1169.658686
9/30/2021,55-59,Female,New Jersey,3239.420529
9/30/2021,55-59,Female,New Mexico,1903.422603
9/30/2021,55-59,Female,New York,7671.45134
9/30/2021,55-59,Female,North Carolina,9642.813155
9/30/2021,55-59,Female,North Dakota,553.2787407
9/30/2021,55-59,Female,Ohio,8467.426679
9/30/2021,55-59,Female,Oklahoma,2898.275012
9/30/2021,55-59,Female,Oregon,3003.214002
9/30/2021,55-59,Female,Pennsylvania,7925.51591
9/30/2021,55-59,Female,Puerto Rico,366.5950729
9/30/2021,55-59,Female,Rhode Island,624.2393553
9/30/2021,55-59,Female,South Carolina,5216.90555
9/30/2021,55-59,Female,South Dakota,751.93793
9/30/2021,55-59,Female,Tennessee,5609.865331
9/30/2021,55-59,Female,Texas,18851.87147
9/30/2021,55-59,Female,Utah,1085.832522
9/30/2021,55-59,Female,Vermont,534.6101286
9/30/2021,55-59,Female,Virginia,12884.31082
9/30/2021,55-59,Female,Washington,6740.342164
9/30/2021,55-59,Female,West Virginia,1295.803019
9/30/2021,55-59,Female,Wisconsin,3853.342506
9/30/2021,55-59,Female,Wyoming,446.3719182
9/30/2021,55-59,Male,Alabama,30689.28128
9/30/2021,55-59,Male,Alaska,5420.620648
9/30/2021,55-59,Male,Arizona,35047.30785
9/30/2021,55-59,Male,Arkansas,15382.67837
9/30/2021,55-59,Male,California,115640.9144
9/30/2021,55-59,Male,Colorado,30158.48104
9/30/2021,55-59,Male,Connecticut,12179.09347
9/30/2021,55-59,Male,Delaware,5613.141448
9/30/2021,55-59,Male,District of Columbia,2465.733446
9/30/2021,55-59,Male,Florida,115859.8429
9/30/2021,55-59,Male,Georgia,60159.64656
9/30/2021,55-59,Male,Hawaii,8739.499915
9/30/2021,55-59,Male,Idaho,9300.326254
9/30/2021,55-59,Male,Illinois,46537.40192
9/30/2021,55-59,Male,Indiana,36427.47866
9/30/2021,55-59,Male,Iowa,16171.80622
9/30/2021,55-59,Male,Island Areas & Foreign,8538.934344
9/30/2021,55-59,Male,Kansas,14025.48779
9/30/2021,55-59,Male,Kentucky,25147.42841
9/30/2021,55-59,Male,Louisiana,20911.07704
9/30/2021,55-59,Male,Maine,9060.896594
9/30/2021,55-59,Male,Maryland,32786.18731
9/30/2021,55-59,Male,Massachusetts,24944.0018
9/30/2021,55-59,Male,Michigan,47812.26249
9/30/2021,55-59,Male,Minnesota,24261.38823
9/30/2021,55-59,Male,Mississippi,15717.57833
9/30/2021,55-59,Male,Missouri,33513.95502
9/30/2021,55-59,Male,Montana,6777.095092
9/30/2021,55-59,Male,Nebraska,10158.6934
9/30/2021,55-59,Male,Nevada,17246.69062
9/30/2021,55-59,Male,New Hampshire,8330.227287
9/30/2021,55-59,Male,New Jersey,25656.94958
9/30/2021,55-59,Male,New Mexico,11188.61989
9/30/2021,55-59,Male,New York,59364.99122
9/30/2021,55-59,Male,North Carolina,54595.87674
9/30/2021,55-59,Male,North Dakota,4110.924889
9/30/2021,55-59,Male,Ohio,63399.58598
9/30/2021,55-59,Male,Oklahoma,21143.09792
9/30/2021,55-59,Male,Oregon,21871.79238
9/30/2021,55-59,Male,Pennsylvania,63887.68324
9/30/2021,55-59,Male,Puerto Rico,3896.747329
9/30/2021,55-59,Male,Rhode Island,5107.550291
9/30/2021,55-59,Male,South Carolina,31856.2327
9/30/2021,55-59,Male,South Dakota,5181.660211
9/30/2021,55-59,Male,Tennessee,37694.45509
9/30/2021,55-59,Male,Texas,116696.2897
9/30/2021,55-59,Male,Utah,9556.433372
9/30/2021,55-59,Male,Vermont,3756.631772
9/30/2021,55-59,Male,Virginia,60042.48634
9/30/2021,55-59,Male,Washington,43735.78218
9/30/2021,55-59,Male,West Virginia,11285.3152
9/30/2021,55-59,Male,Wisconsin,28479.48689
9/30/2021,55-59,Male,Wyoming,3425.297979
9/30/2021,60-64,Female,Alabama,5130.503539
9/30/2021,60-64,Female,Alaska,894.9882021
9/30/2021,60-64,Female,Arizona,6173.865301
9/30/2021,60-64,Female,Arkansas,2039.282526
9/30/2021,60-64,Female,California,16218.04371
9/30/2021,60-64,Female,Colorado,5162.54889
9/30/2021,60-64,Female,Connecticut,1574.744375
9/30/2021,60-64,Female,Delaware,1151.100367
9/30/2021,60-64,Female,District of Columbia,557.8922306
9/30/2021,60-64,Female,Florida,20236.12294
9/30/2021,60-64,Female,Georgia,11216.64065
9/30/2021,60-64,Female,Hawaii,1264.642085
9/30/2021,60-64,Female,Idaho,1264.863559
9/30/2021,60-64,Female,Illinois,5698.016325
9/30/2021,60-64,Female,Indiana,4095.013963
9/30/2021,60-64,Female,Iowa,1714.432733
9/30/2021,60-64,Female,Island Areas & Foreign,613.8997009
9/30/2021,60-64,Female,Kansas,1939.209741
9/30/2021,60-64,Female,Kentucky,3138.919135
9/30/2021,60-64,Female,Louisiana,2799.924207
9/30/2021,60-64,Female,Maine,1286.071794
9/30/2021,60-64,Female,Maryland,6718.434695
9/30/2021,60-64,Female,Massachusetts,3186.023253
9/30/2021,60-64,Female,Michigan,5593.426315
9/30/2021,60-64,Female,Minnesota,2983.603487
9/30/2021,60-64,Female,Mississippi,2348.222868
9/30/2021,60-64,Female,Missouri,4558.71692
9/30/2021,60-64,Female,Montana,928.4612446
9/30/2021,60-64,Female,Nebraska,1463.463469
9/30/2021,60-64,Female,Nevada,2666.180433
9/30/2021,60-64,Female,New Hampshire,1210.541459
9/30/2021,60-64,Female,New Jersey,3154.421612
9/30/2021,60-64,Female,New Mexico,2246.054655
9/30/2021,60-64,Female,New York,7584.666994
9/30/2021,60-64,Female,North Carolina,9702.195828
9/30/2021,60-64,Female,North Dakota,532.1254244
9/30/2021,60-64,Female,Ohio,8113.654945
9/30/2021,60-64,Female,Oklahoma,2975.426162
9/30/2021,60-64,Female,Oregon,3214.465314
9/30/2021,60-64,Female,Pennsylvania,8013.972087
9/30/2021,60-64,Female,Puerto Rico,445.1852647
9/30/2021,60-64,Female,Rhode Island,653.9821288
9/30/2021,60-64,Female,South Carolina,5218.73341
9/30/2021,60-64,Female,South Dakota,758.3303221
9/30/2021,60-64,Female,Tennessee,5623.892249
9/30/2021,60-64,Female,Texas,18283.7125
9/30/2021,60-64,Female,Utah,1076.251534
9/30/2021,60-64,Female,Vermont,528.39851
9/30/2021,60-64,Female,Virginia,12265.31152
9/30/2021,60-64,Female,Washington,6865.535275
9/30/2021,60-64,Female,West Virginia,1241.615368
9/30/2021,60-64,Female,Wisconsin,3454.473883
9/30/2021,60-64,Female,Wyoming,468.9558139
9/30/2021,60-64,Male,Alabama,32933.90324
9/30/2021,60-64,Male,Alaska,5504.621706
9/30/2021,60-64,Male,Arizona,38025.67145
9/30/2021,60-64,Male,Arkansas,16840.30243
9/30/2021,60-64,Male,California,129937.3529
9/30/2021,60-64,Male,Colorado,31178.76078
9/30/2021,60-64,Male,Connecticut,13843.94886
9/30/2021,60-64,Male,Delaware,6307.445078
9/30/2021,60-64,Male,District of Columbia,3061.032241
9/30/2021,60-64,Male,Florida,129493.5759
9/30/2021,60-64,Male,Georgia,63138.48294
9/30/2021,60-64,Male,Hawaii,9093.50666
9/30/2021,60-64,Male,Idaho,9497.259165
9/30/2021,60-64,Male,Illinois,47294.57929
9/30/2021,60-64,Male,Indiana,37052.15343
9/30/2021,60-64,Male,Iowa,15271.8732
9/30/2021,60-64,Male,Island Areas & Foreign,9774.278591
9/30/2021,60-64,Male,Kansas,14689.66257
9/30/2021,60-64,Male,Kentucky,25395.30979
9/30/2021,60-64,Male,Louisiana,21346.51767
9/30/2021,60-64,Male,Maine,10331.72022
9/30/2021,60-64,Male,Maryland,34722.33605
9/30/2021,60-64,Male,Massachusetts,27774.91518
9/30/2021,60-64,Male,Michigan,48201.87833
9/30/2021,60-64,Male,Minnesota,25409.9138
9/30/2021,60-64,Male,Mississippi,17122.50624
9/30/2021,60-64,Male,Missouri,36723.68842
9/30/2021,60-64,Male,Montana,6689.932423
9/30/2021,60-64,Male,Nebraska,9849.014783
9/30/2021,60-64,Male,Nevada,18368.72577
9/30/2021,60-64,Male,New Hampshire,9603.703387
9/30/2021,60-64,Male,New Jersey,28421.14951
9/30/2021,60-64,Male,New Mexico,12874.31392
9/30/2021,60-64,Male,New York,64054.71836
9/30/2021,60-64,Male,North Carolina,57612.42185
9/30/2021,60-64,Male,North Dakota,4028.704628
9/30/2021,60-64,Male,Ohio,65615.91063
9/30/2021,60-64,Male,Oklahoma,22511.84906
9/30/2021,60-64,Male,Oregon,23246.09451
9/30/2021,60-64,Male,Pennsylvania,65016.66401
9/30/2021,60-64,Male,Puerto Rico,5793.358037
9/30/2021,60-64,Male,Rhode Island,5680.841419
9/30/2021,60-64,Male,South Carolina,33789.59019
9/30/2021,60-64,Male,South Dakota,5373.960436
9/30/2021,60-64,Male,Tennessee,39624.25987
9/30/2021,60-64,Male,Texas,120317.5942
9/30/2021,60-64,Male,Utah,9641.184152
9/30/2021,60-64,Male,Vermont,4270.947624
9/30/2021,60-64,Male,Virginia,60131.10701
9/30/2021,60-64,Male,Washington,45314.19799
9/30/2021,60-64,Male,West Virginia,10841.32246
9/30/2021,60-64,Male,Wisconsin,28649.8399
9/30/2021,60-64,Male,Wyoming,3424.358627
9/30/2021,65-69,Female,Alabama,3793.484646
9/30/2021,65-69,Female,Alaska,705.712282
9/30/2021,65-69,Female,Arizona,5161.938213
9/30/2021,65-69,Female,Arkansas,1611.859458
9/30/2021,65-69,Female,California,13541.5318
9/30/2021,65-69,Female,Colorado,4093.715806
9/30/2021,65-69,Female,Connecticut,1096.740905
9/30/2021,65-69,Female,Delaware,791.9845369
9/30/2021,65-69,Female,District of Columbia,391.3555904
9/30/2021,65-69,Female,Florida,14546.45076
9/30/2021,65-69,Female,Georgia,7230.991208
9/30/2021,65-69,Female,Hawaii,847.9474272
9/30/2021,65-69,Female,Idaho,1094.244807
9/30/2021,65-69,Female,Illinois,4019.804482
9/30/2021,65-69,Female,Indiana,2841.688369
9/30/2021,65-69,Female,Iowa,1397.87459
9/30/2021,65-69,Female,Island Areas & Foreign,411.5806048
9/30/2021,65-69,Female,Kansas,1545.06939
9/30/2021,65-69,Female,Kentucky,2267.922975
9/30/2021,65-69,Female,Louisiana,2241.380193
9/30/2021,65-69,Female,Maine,991.5121318
9/30/2021,65-69,Female,Maryland,4501.241208
9/30/2021,65-69,Female,Massachusetts,2206.888062
9/30/2021,65-69,Female,Michigan,3987.991431
9/30/2021,65-69,Female,Minnesota,2251.313677
9/30/2021,65-69,Female,Mississippi,1664.66607
9/30/2021,65-69,Female,Missouri,3389.640073
9/30/2021,65-69,Female,Montana,881.5987957
9/30/2021,65-69,Female,Nebraska,1035.03692
9/30/2021,65-69,Female,Nevada,2238.697651
9/30/2021,65-69,Female,New Hampshire,954.0052229
9/30/2021,65-69,Female,New Jersey,2130.493757
9/30/2021,65-69,Female,New Mexico,1858.756747
9/30/2021,65-69,Female,New York,4783.214553
9/30/2021,65-69,Female,North Carolina,6850.024171
9/30/2021,65-69,Female,North Dakota,421.1785049
9/30/2021,65-69,Female,Ohio,5557.518466
9/30/2021,65-69,Female,Oklahoma,2337.734263
9/30/2021,65-69,Female,Oregon,2908.683308
9/30/2021,65-69,Female,Pennsylvania,5574.217461
9/30/2021,65-69,Female,Puerto Rico,413.8901458
9/30/2021,65-69,Female,Rhode Island,413.2614354
9/30/2021,65-69,Female,South Carolina,3812.905226
9/30/2021,65-69,Female,South Dakota,638.5701312
9/30/2021,65-69,Female,Tennessee,4376.063449
9/30/2021,65-69,Female,Texas,14683.44931
9/30/2021,65-69,Female,Utah,970.953463
9/30/2021,65-69,Female,Vermont,395.7474982
9/30/2021,65-69,Female,Virginia,8479.9976
9/30/2021,65-69,Female,Washington,6058.635655
9/30/2021,65-69,Female,West Virginia,877.2456696
9/30/2021,65-69,Female,Wisconsin,2667.434267
9/30/2021,65-69,Female,Wyoming,430.4406401
9/30/2021,65-69,Male,Alabama,32883.41706
9/30/2021,65-69,Male,Alaska,5173.902517
9/30/2021,65-69,Male,Arizona,39050.45138
9/30/2021,65-69,Male,Arkansas,17526.85634
9/30/2021,65-69,Male,California,135747.9936
9/30/2021,65-69,Male,Colorado,31164.40463
9/30/2021,65-69,Male,Connecticut,12277.58982
9/30/2021,65-69,Male,Delaware,5647.719726
9/30/2021,65-69,Male,District of Columbia,2775.109845
9/30/2021,65-69,Male,Florida,119210.7109
9/30/2021,65-69,Male,Georgia,56996.37425
9/30/2021,65-69,Male,Hawaii,8270.104427
9/30/2021,65-69,Male,Idaho,10185.04981
9/30/2021,65-69,Male,Illinois,45584.55315
9/30/2021,65-69,Male,Indiana,35335.73537
9/30/2021,65-69,Male,Iowa,15720.71356
9/30/2021,65-69,Male,Island Areas & Foreign,8635.365797
9/30/2021,65-69,Male,Kansas,15681.94229
9/30/2021,65-69,Male,Kentucky,24860.57991
9/30/2021,65-69,Male,Louisiana,24289.88748
9/30/2021,65-69,Male,Maine,9884.643585
9/30/2021,65-69,Male,Maryland,29786.79594
9/30/2021,65-69,Male,Massachusetts,24626.78839
9/30/2021,65-69,Male,Michigan,47020.84272
9/30/2021,65-69,Male,Minnesota,26063.33561
9/30/2021,65-69,Male,Mississippi,16225.12051
9/30/2021,65-69,Male,Missouri,36452.61514
9/30/2021,65-69,Male,Montana,7359.192817
9/30/2021,65-69,Male,Nebraska,9528.230457
9/30/2021,65-69,Male,Nevada,18609.2364
9/30/2021,65-69,Male,New Hampshire,8417.496676
9/30/2021,65-69,Male,New Jersey,24731.24732
9/30/2021,65-69,Male,New Mexico,13424.40282
9/30/2021,65-69,Male,New York,57359.42934
9/30/2021,65-69,Male,North Carolina,57009.17658
9/30/2021,65-69,Male,North Dakota,4178.907065
9/30/2021,65-69,Male,Ohio,63176.66714
9/30/2021,65-69,Male,Oklahoma,25176.66418
9/30/2021,65-69,Male,Oregon,26485.27611
9/30/2021,65-69,Male,Pennsylvania,61630.79183
9/30/2021,65-69,Male,Puerto Rico,6107.021423
9/30/2021,65-69,Male,Rhode Island,4614.41513
9/30/2021,65-69,Male,South Carolina,31888.69415
9/30/2021,65-69,Male,South Dakota,5297.463279
9/30/2021,65-69,Male,Tennessee,39316.71699
9/30/2021,65-69,Male,Texas,127265.934
9/30/2021,65-69,Male,Utah,10432.6491
9/30/2021,65-69,Male,Vermont,3885.144438
9/30/2021,65-69,Male,Virginia,54402.94803
9/30/2021,65-69,Male,Washington,48955.28682
9/30/2021,65-69,Male,West Virginia,11723.37168
9/30/2021,65-69,Male,Wisconsin,29442.7932
9/30/2021,65-69,Male,Wyoming,3999.879254
9/30/2021,70-74,Female,Alabama,1721.086088
9/30/2021,70-74,Female,Alaska,443.4192264
9/30/2021,70-74,Female,Arizona,2990.86124
9/30/2021,70-74,Female,Arkansas,1097.802435
9/30/2021,70-74,Female,California,9145.924108
9/30/2021,70-74,Female,Colorado,2337.557145
9/30/2021,70-74,Female,Connecticut,486.855805
9/30/2021,70-74,Female,Delaware,354.4412294
9/30/2021,70-74,Female,District of Columbia,63.42468045
9/30/2021,70-74,Female,Florida,11256.52886
9/30/2021,70-74,Female,Georgia,3881.866404
9/30/2021,70-74,Female,Hawaii,269.5828049
9/30/2021,70-74,Female,Idaho,1281.061986
9/30/2021,70-74,Female,Illinois,2425.218199
9/30/2021,70-74,Female,Indiana,2405.023727
9/30/2021,70-74,Female,Iowa,669.3715256
9/30/2021,70-74,Female,Island Areas & Foreign,303.047821
9/30/2021,70-74,Female,Kansas,959.7563786
9/30/2021,70-74,Female,Kentucky,1710.638677
9/30/2021,70-74,Female,Louisiana,1796.849709
9/30/2021,70-74,Female,Maine,607.5576697
9/30/2021,70-74,Female,Maryland,3042.984941
9/30/2021,70-74,Female,Massachusetts,1431.661236
9/30/2021,70-74,Female,Michigan,2493.39479
9/30/2021,70-74,Female,Minnesota,1080.91938
9/30/2021,70-74,Female,Mississippi,986.0596346
9/30/2021,70-74,Female,Missouri,1367.484934
9/30/2021,70-74,Female,Montana,657.800103
9/30/2021,70-74,Female,Nebraska,383.21634
9/30/2021,70-74,Female,Nevada,1766.175457
9/30/2021,70-74,Female,New Hampshire,526.5389026
9/30/2021,70-74,Female,New Jersey,1113.378806
9/30/2021,70-74,Female,New Mexico,889.3475714
9/30/2021,70-74,Female,New York,3156.684283
9/30/2021,70-74,Female,North Carolina,3210.300427
9/30/2021,70-74,Female,North Dakota,278.0267251
9/30/2021,70-74,Female,Ohio,3928.948627
9/30/2021,70-74,Female,Oklahoma,1904.939996
9/30/2021,70-74,Female,Oregon,2154.80012
9/30/2021,70-74,Female,Pennsylvania,4048.344193
9/30/2021,70-74,Female,Puerto Rico,61.49260622
9/30/2021,70-74,Female,Rhode Island,54.56108363
9/30/2021,70-74,Female,South Carolina,2821.652565
9/30/2021,70-74,Female,South Dakota,358.7969383
9/30/2021,70-74,Female,Tennessee,2572.887366
9/30/2021,70-74,Female,Texas,8868.557717
9/30/2021,70-74,Female,Utah,784.6880478
9/30/2021,70-74,Female,Vermont,261.4014157
9/30/2021,70-74,Female,Virginia,3773.963933
9/30/2021,70-74,Female,Washington,3619.932899
9/30/2021,70-74,Female,West Virginia,1716.917019
9/30/2021,70-74,Female,Wisconsin,2067.204698
9/30/2021,70-74,Female,Wyoming,332.3560581
9/30/2021,70-74,Male,Alabama,40405.89567
9/30/2021,70-74,Male,Alaska,6049.528666
9/30/2021,70-74,Male,Arizona,57748.1846
9/30/2021,70-74,Male,Arkansas,23442.97663
9/30/2021,70-74,Male,California,173117.1924
9/30/2021,70-74,Male,Colorado,38186.68182
9/30/2021,70-74,Male,Connecticut,20344.75171
9/30/2021,70-74,Male,Delaware,8773.728735
9/30/2021,70-74,Male,District of Columbia,1038.243452
9/30/2021,70-74,Male,Florida,171514.9958
9/30/2021,70-74,Male,Georgia,74652.01207
9/30/2021,70-74,Male,Hawaii,12086.24363
9/30/2021,70-74,Male,Idaho,15548.23536
9/30/2021,70-74,Male,Illinois,75738.84529
9/30/2021,70-74,Male,Indiana,47034.77936
9/30/2021,70-74,Male,Iowa,27114.13676
9/30/2021,70-74,Male,Island Areas & Foreign,9207.894082
9/30/2021,70-74,Male,Kansas,23760.57229
9/30/2021,70-74,Male,Kentucky,34082.7389
9/30/2021,70-74,Male,Louisiana,31983.84575
9/30/2021,70-74,Male,Maine,14811.59905
9/30/2021,70-74,Male,Maryland,37944.85898
9/30/2021,70-74,Male,Massachusetts,37026.61781
9/30/2021,70-74,Male,Michigan,79682.94454
9/30/2021,70-74,Male,Minnesota,40143.51122
9/30/2021,70-74,Male,Mississippi,17698.5779
9/30/2021,70-74,Male,Missouri,51822.7537
9/30/2021,70-74,Male,Montana,11591.97158
9/30/2021,70-74,Male,Nebraska,14954.7214
9/30/2021,70-74,Male,Nevada,26831.08186
9/30/2021,70-74,Male,New Hampshire,11706.35773
9/30/2021,70-74,Male,New Jersey,37950.61088
9/30/2021,70-74,Male,New Mexico,18345.27395
9/30/2021,70-74,Male,New York,84577.50687
9/30/2021,70-74,Male,North Carolina,81579.96475
9/30/2021,70-74,Male,North Dakota,6574.619897
9/30/2021,70-74,Male,Ohio,92085.9881
9/30/2021,70-74,Male,Oklahoma,32646.38301
9/30/2021,70-74,Male,Oregon,37808.87722
9/30/2021,70-74,Male,Pennsylvania,105354.9706
9/30/2021,70-74,Male,Puerto Rico,9749.550184
9/30/2021,70-74,Male,Rhode Island,6908.2512
9/30/2021,70-74,Male,South Carolina,49946.99045
9/30/2021,70-74,Male,South Dakota,8473.758504
9/30/2021,70-74,Male,Tennessee,55296.37127
9/30/2021,70-74,Male,Texas,162005.4431
9/30/2021,70-74,Male,Utah,15042.3253
9/30/2021,70-74,Male,Vermont,5147.623053
9/30/2021,70-74,Male,Virginia,65973.58534
9/30/2021,70-74,Male,Washington,58760.62554
9/30/2021,70-74,Male,West Virginia,20870.36367
9/30/2021,70-74,Male,Wisconsin,47986.82622
9/30/2021,70-74,Male,Wyoming,6972.071432
9/30/2021,75-79,Female,Alabama,1069.797264
9/30/2021,75-79,Female,Alaska,374.3025938
9/30/2021,75-79,Female,Arizona,1958.41607
9/30/2021,75-79,Female,Arkansas,193.9671698
9/30/2021,75-79,Female,California,5254.421769
9/30/2021,75-79,Female,Colorado,1211.556361
9/30/2021,75-79,Female,Connecticut,231.734805
9/30/2021,75-79,Female,Delaware,9.90134572
9/30/2021,75-79,Female,District of Columbia,78.67837477
9/30/2021,75-79,Female,Florida,5886.565539
9/30/2021,75-79,Female,Georgia,2809.093709
9/30/2021,75-79,Female,Hawaii,275.7801247
9/30/2021,75-79,Female,Idaho,327.9041562
9/30/2021,75-79,Female,Illinois,1372.545908
9/30/2021,75-79,Female,Indiana,1670.825304
9/30/2021,75-79,Female,Iowa,447.2147757
9/30/2021,75-79,Female,Island Areas & Foreign,227.8761262
9/30/2021,75-79,Female,Kansas,609.2761401
9/30/2021,75-79,Female,Kentucky,1214.969477
9/30/2021,75-79,Female,Louisiana,952.5822876
9/30/2021,75-79,Female,Maine,325.0473841
9/30/2021,75-79,Female,Maryland,1311.760042
9/30/2021,75-79,Female,Massachusetts,1182.246463
9/30/2021,75-79,Female,Michigan,1834.153382
9/30/2021,75-79,Female,Minnesota,1171.822986
9/30/2021,75-79,Female,Mississippi,568.4035899
9/30/2021,75-79,Female,Missouri,1436.858188
9/30/2021,75-79,Female,Montana,467.4762199
9/30/2021,75-79,Female,Nebraska,83.33796116
9/30/2021,75-79,Female,Nevada,665.7241646
9/30/2021,75-79,Female,New Hampshire,573.3631856
9/30/2021,75-79,Female,New Jersey,1074.514051
9/30/2021,75-79,Female,New Mexico,542.9083508
9/30/2021,75-79,Female,New York,1877.901979
9/30/2021,75-79,Female,North Carolina,1562.865552
9/30/2021,75-79,Female,North Dakota,42.03062884
9/30/2021,75-79,Female,Ohio,1552.758948
9/30/2021,75-79,Female,Oklahoma,1122.822766
9/30/2021,75-79,Female,Oregon,969.640602
9/30/2021,75-79,Female,Pennsylvania,1651.030155
9/30/2021,75-79,Female,Puerto Rico,285.5145988
9/30/2021,75-79,Female,Rhode Island,250.0103526
9/30/2021,75-79,Female,South Carolina,886.1039869
9/30/2021,75-79,Female,South Dakota,229.2316467
9/30/2021,75-79,Female,Tennessee,1555.661773
9/30/2021,75-79,Female,Texas,5017.13142
9/30/2021,75-79,Female,Utah,440.7304706
9/30/2021,75-79,Female,Vermont,24.0085563
9/30/2021,75-79,Female,Virginia,2656.052747
9/30/2021,75-79,Female,Washington,1893.961291
9/30/2021,75-79,Female,West Virginia,92.15977649
9/30/2021,75-79,Female,Wisconsin,595.5511372
9/30/2021,75-79,Female,Wyoming,351.8295311
9/30/2021,75-79,Male,Alabama,35326.50214
9/30/2021,75-79,Male,Alaska,4127.240342
9/30/2021,75-79,Male,Arizona,63159.13857
9/30/2021,75-79,Male,Arkansas,20743.16794
9/30/2021,75-79,Male,California,173015.4469
9/30/2021,75-79,Male,Colorado,39250.02299
9/30/2021,75-79,Male,Connecticut,18270.0454
9/30/2021,75-79,Male,Delaware,9073.376915
9/30/2021,75-79,Male,District of Columbia,2465.006681
9/30/2021,75-79,Male,Florida,167817.6372
9/30/2021,75-79,Male,Georgia,59342.87966
9/30/2021,75-79,Male,Hawaii,10290.47979
9/30/2021,75-79,Male,Idaho,14558.61398
9/30/2021,75-79,Male,Illinois,67713.7887
9/30/2021,75-79,Male,Indiana,44306.36664
9/30/2021,75-79,Male,Iowa,21011.82081
9/30/2021,75-79,Male,Island Areas & Foreign,8194.457987
9/30/2021,75-79,Male,Kansas,16460.73094
9/30/2021,75-79,Male,Kentucky,28767.60133
9/30/2021,75-79,Male,Louisiana,22288.35358
9/30/2021,75-79,Male,Maine,12297.7835
9/30/2021,75-79,Male,Maryland,34989.39295
9/30/2021,75-79,Male,Massachusetts,35888.28312
9/30/2021,75-79,Male,Michigan,66612.09739
9/30/2021,75-79,Male,Minnesota,37540.58235
9/30/2021,75-79,Male,Mississippi,16309.3349
9/30/2021,75-79,Male,Missouri,46865.42159
9/30/2021,75-79,Male,Montana,10097.08468
9/30/2021,75-79,Male,Nebraska,12687.76875
9/30/2021,75-79,Male,Nevada,23039.5345
9/30/2021,75-79,Male,New Hampshire,11741.15884
9/30/2021,75-79,Male,New Jersey,41781.17398
9/30/2021,75-79,Male,New Mexico,17056.53048
9/30/2021,75-79,Male,New York,82494.20823
9/30/2021,75-79,Male,North Carolina,67282.34826
9/30/2021,75-79,Male,North Dakota,4074.34951
9/30/2021,75-79,Male,Ohio,76071.57127
9/30/2021,75-79,Male,Oklahoma,30458.85231
9/30/2021,75-79,Male,Oregon,34020.77609
9/30/2021,75-79,Male,Pennsylvania,86508.27299
9/30/2021,75-79,Male,Puerto Rico,7415.744442
9/30/2021,75-79,Male,Rhode Island,8414.874706
9/30/2021,75-79,Male,South Carolina,42184.05145
9/30/2021,75-79,Male,South Dakota,5087.967601
9/30/2021,75-79,Male,Tennessee,44945.20061
9/30/2021,75-79,Male,Texas,139117.415
9/30/2021,75-79,Male,Utah,12640.78081
9/30/2021,75-79,Male,Vermont,4356.170716
9/30/2021,75-79,Male,Virginia,53988.1941
9/30/2021,75-79,Male,Washington,59035.07915
9/30/2021,75-79,Male,West Virginia,12129.2222
9/30/2021,75-79,Male,Wisconsin,37890.00966
9/30/2021,75-79,Male,Wyoming,5316.109209
9/30/2021,80-84,Female,Alabama,580.2342872
9/30/2021,80-84,Female,Alaska,244.3950166
9/30/2021,80-84,Female,Arizona,1628.527965
9/30/2021,80-84,Female,Arkansas,287.2933357
9/30/2021,80-84,Female,California,4441.493641
9/30/2021,80-84,Female,Colorado,1381.207268
9/30/2021,80-84,Female,Connecticut,108.4225247
9/30/2021,80-84,Female,Delaware,0.033954078
9/30/2021,80-84,Female,District of Columbia,46.96189162
9/30/2021,80-84,Female,Florida,2994.151073
9/30/2021,80-84,Female,Georgia,587.5471474
9/30/2021,80-84,Female,Hawaii,150.0081487
9/30/2021,80-84,Female,Idaho,44.72345791
9/30/2021,80-84,Female,Illinois,1626.510019
9/30/2021,80-84,Female,Indiana,897.2938434
9/30/2021,80-84,Female,Iowa,246.9422158
9/30/2021,80-84,Female,Island Areas & Foreign,128.6875992
9/30/2021,80-84,Female,Kansas,251.5219054
9/30/2021,80-84,Female,Kentucky,580.0076104
9/30/2021,80-84,Female,Louisiana,1153.151299
9/30/2021,80-84,Female,Maine,441.6444599
9/30/2021,80-84,Female,Maryland,1214.736406
9/30/2021,80-84,Female,Massachusetts,441.1899764
9/30/2021,80-84,Female,Michigan,988.7998753
9/30/2021,80-84,Female,Minnesota,291.5043659
9/30/2021,80-84,Female,Mississippi,348.7680682
9/30/2021,80-84,Female,Missouri,1178.888966
9/30/2021,80-84,Female,Montana,150.3542636
9/30/2021,80-84,Female,Nebraska,29.96735268
9/30/2021,80-84,Female,Nevada,193.5928649
9/30/2021,80-84,Female,New Hampshire,345.121359
9/30/2021,80-84,Female,New Jersey,765.7496745
9/30/2021,80-84,Female,New Mexico,80.83521666
9/30/2021,80-84,Female,New York,1002.282883
9/30/2021,80-84,Female,North Carolina,1175.080891
9/30/2021,80-84,Female,North Dakota,258.3604869
9/30/2021,80-84,Female,Ohio,1564.752479
9/30/2021,80-84,Female,Oklahoma,77.170088
9/30/2021,80-84,Female,Oregon,915.2498826
9/30/2021,80-84,Female,Pennsylvania,2323.979277
9/30/2021,80-84,Female,Puerto Rico,183.3473841
9/30/2021,80-84,Female,Rhode Island,31.25261478
9/30/2021,80-84,Female,South Carolina,832.4875067
9/30/2021,80-84,Female,South Dakota,48.80232018
9/30/2021,80-84,Female,Tennessee,893.1018057
9/30/2021,80-84,Female,Texas,3024.97249
9/30/2021,80-84,Female,Utah,362.4772935
9/30/2021,80-84,Female,Vermont,232.9850215
9/30/2021,80-84,Female,Virginia,1607.062033
9/30/2021,80-84,Female,Washington,1221.172325
9/30/2021,80-84,Female,West Virginia,400.0988164
9/30/2021,80-84,Female,Wisconsin,901.5308172
9/30/2021,80-84,Female,Wyoming,112.2987651
9/30/2021,80-84,Male,Alabama,18369.02628
9/30/2021,80-84,Male,Alaska,1880.126096
9/30/2021,80-84,Male,Arizona,37908.71228
9/30/2021,80-84,Male,Arkansas,10878.00914
9/30/2021,80-84,Male,California,101394.4194
9/30/2021,80-84,Male,Colorado,19386.94796
9/30/2021,80-84,Male,Connecticut,12477.08995
9/30/2021,80-84,Male,Delaware,5331.160744
9/30/2021,80-84,Male,District of Columbia,975.6349899
9/30/2021,80-84,Male,Florida,116089.7905
9/30/2021,80-84,Male,Georgia,31065.76075
9/30/2021,80-84,Male,Hawaii,5315.240199
9/30/2021,80-84,Male,Idaho,7881.91933
9/30/2021,80-84,Male,Illinois,37279.40221
9/30/2021,80-84,Male,Indiana,24686.63552
9/30/2021,80-84,Male,Iowa,11880.66436
9/30/2021,80-84,Male,Island Areas & Foreign,6110.520893
9/30/2021,80-84,Male,Kansas,10450.76367
9/30/2021,80-84,Male,Kentucky,14630.45651
9/30/2021,80-84,Male,Louisiana,15947.21404
9/30/2021,80-84,Male,Maine,4866.62853
9/30/2021,80-84,Male,Maryland,20564.12098
9/30/2021,80-84,Male,Massachusetts,22721.13701
9/30/2021,80-84,Male,Michigan,35668.11176
9/30/2021,80-84,Male,Minnesota,19369.4216
9/30/2021,80-84,Male,Mississippi,9774.059704
9/30/2021,80-84,Male,Missouri,23500.82411
9/30/2021,80-84,Male,Montana,5541.627255
9/30/2021,80-84,Male,Nebraska,6362.872199
9/30/2021,80-84,Male,Nevada,12286.44245
9/30/2021,80-84,Male,New Hampshire,6572.862152
9/30/2021,80-84,Male,New Jersey,23669.91106
9/30/2021,80-84,Male,New Mexico,8293.633415
9/30/2021,80-84,Male,New York,48152.84005
9/30/2021,80-84,Male,North Carolina,36622.51996
9/30/2021,80-84,Male,North Dakota,1528.748458
9/30/2021,80-84,Male,Ohio,46084.8775
9/30/2021,80-84,Male,Oklahoma,14855.35722
9/30/2021,80-84,Male,Oregon,20654.85592
9/30/2021,80-84,Male,Pennsylvania,60919.98005
9/30/2021,80-84,Male,Puerto Rico,6377.808717
9/30/2021,80-84,Male,Rhode Island,3504.001394
9/30/2021,80-84,Male,South Carolina,21862.30108
9/30/2021,80-84,Male,South Dakota,3341.843212
9/30/2021,80-84,Male,Tennessee,28196.16828
9/30/2021,80-84,Male,Texas,76187.20245
9/30/2021,80-84,Male,Utah,8570.41225
9/30/2021,80-84,Male,Vermont,2892.213831
9/30/2021,80-84,Male,Virginia,30773.25896
9/30/2021,80-84,Male,Washington,28245.18251
9/30/2021,80-84,Male,West Virginia,8702.960835
9/30/2021,80-84,Male,Wisconsin,22622.60296
9/30/2021,80-84,Male,Wyoming,2563.789686
9/30/2021,85+,Female,Alabama,855.8104458
9/30/2021,85+,Female,Alaska,91.93836437
9/30/2021,85+,Female,Arizona,2584.652738
9/30/2021,85+,Female,Arkansas,307.1639258
9/30/2021,85+,Female,California,5915.438454
9/30/2021,85+,Female,Colorado,624.6889526
9/30/2021,85+,Female,Connecticut,291.3922918
9/30/2021,85+,Female,Delaware,176.7692307
9/30/2021,85+,Female,District of Columbia,218.409756
9/30/2021,85+,Female,Florida,4531.57958
9/30/2021,85+,Female,Georgia,926.2965906
9/30/2021,85+,Female,Hawaii,98.90500402
9/30/2021,85+,Female,Idaho,585.2438477
9/30/2021,85+,Female,Illinois,1240.19659
9/30/2021,85+,Female,Indiana,692.8589316
9/30/2021,85+,Female,Iowa,526.2474061
9/30/2021,85+,Female,Island Areas & Foreign,160.1783876
9/30/2021,85+,Female,Kansas,415.123254
9/30/2021,85+,Female,Kentucky,289.3487747
9/30/2021,85+,Female,Louisiana,227.1981557
9/30/2021,85+,Female,Maine,427.0353172
9/30/2021,85+,Female,Maryland,1261.481529
9/30/2021,85+,Female,Massachusetts,906.9100351
9/30/2021,85+,Female,Michigan,1665.881362
9/30/2021,85+,Female,Minnesota,1199.044021
9/30/2021,85+,Female,Mississippi,377.6225236
9/30/2021,85+,Female,Missouri,494.6585099
9/30/2021,85+,Female,Montana,188.2251573
9/30/2021,85+,Female,Nebraska,278.2534182
9/30/2021,85+,Female,Nevada,769.8620499
9/30/2021,85+,Female,New Hampshire,145.179908
9/30/2021,85+,Female,New Jersey,1272.275835
9/30/2021,85+,Female,New Mexico,644.6400024
9/30/2021,85+,Female,New York,2006.514251
9/30/2021,85+,Female,North Carolina,981.1385678
9/30/2021,85+,Female,North Dakota,103.4395189
9/30/2021,85+,Female,Ohio,1569.884148
9/30/2021,85+,Female,Oklahoma,868.8893264
9/30/2021,85+,Female,Oregon,1163.555442
9/30/2021,85+,Female,Pennsylvania,2037.070193
9/30/2021,85+,Female,Puerto Rico,239.4978038
9/30/2021,85+,Female,Rhode Island,203.5414469
9/30/2021,85+,Female,South Carolina,698.2519436
9/30/2021,85+,Female,South Dakota,127.3443036
9/30/2021,85+,Female,Tennessee,960.4562112
9/30/2021,85+,Female,Texas,3503.559631
9/30/2021,85+,Female,Utah,42.81982512
9/30/2021,85+,Female,Vermont,87.00198009
9/30/2021,85+,Female,Virginia,1223.812923
9/30/2021,85+,Female,Washington,1383.801452
9/30/2021,85+,Female,West Virginia,431.9821382
9/30/2021,85+,Female,Wisconsin,1027.763814
9/30/2021,85+,Female,Wyoming,33.73639907
9/30/2021,85+,Male,Alabama,21215.08926
9/30/2021,85+,Male,Alaska,2516.113225
9/30/2021,85+,Male,Arizona,37991.11941
9/30/2021,85+,Male,Arkansas,12731.26409
9/30/2021,85+,Male,California,133400.2406
9/30/2021,85+,Male,Colorado,23226.10973
9/30/2021,85+,Male,Connecticut,16040.20118
9/30/2021,85+,Male,Delaware,5004.79949
9/30/2021,85+,Male,District of Columbia,2217.282297
9/30/2021,85+,Male,Florida,138738.5258
9/30/2021,85+,Male,Georgia,33296.82019
9/30/2021,85+,Male,Hawaii,8289.013249
9/30/2021,85+,Male,Idaho,8738.343608
9/30/2021,85+,Male,Illinois,49627.77942
9/30/2021,85+,Male,Indiana,27839.22959
9/30/2021,85+,Male,Iowa,18464.10288
9/30/2021,85+,Male,Island Areas & Foreign,5827.492448
9/30/2021,85+,Male,Kansas,14671.15505
9/30/2021,85+,Male,Kentucky,18963.47612
9/30/2021,85+,Male,Louisiana,17882.43841
9/30/2021,85+,Male,Maine,9751.342126
9/30/2021,85+,Male,Maryland,24414.86177
9/30/2021,85+,Male,Massachusetts,32308.31637
9/30/2021,85+,Male,Michigan,43150.70088
9/30/2021,85+,Male,Minnesota,28036.16101
9/30/2021,85+,Male,Mississippi,9938.882016
9/30/2021,85+,Male,Missouri,31537.27157
9/30/2021,85+,Male,Montana,6168.343685
9/30/2021,85+,Male,Nebraska,10071.57742
9/30/2021,85+,Male,Nevada,14563.31745
9/30/2021,85+,Male,New Hampshire,7219.451056
9/30/2021,85+,Male,New Jersey,36742.64145
9/30/2021,85+,Male,New Mexico,10744.99805
9/30/2021,85+,Male,New York,71556.73376
9/30/2021,85+,Male,North Carolina,43697.76076
9/30/2021,85+,Male,North Dakota,4144.970736
9/30/2021,85+,Male,Ohio,53789.95573
9/30/2021,85+,Male,Oklahoma,19324.40862
9/30/2021,85+,Male,Oregon,21475.73214
9/30/2021,85+,Male,Pennsylvania,70628.77961
9/30/2021,85+,Male,Puerto Rico,9904.549559
9/30/2021,85+,Male,Rhode Island,4866.309618
9/30/2021,85+,Male,South Carolina,23898.06777
9/30/2021,85+,Male,South Dakota,5270.566859
9/30/2021,85+,Male,Tennessee,28227.29314
9/30/2021,85+,Male,Texas,87517.56855
9/30/2021,85+,Male,Utah,10032.90629
9/30/2021,85+,Male,Vermont,2864.167822
9/30/2021,85+,Male,Virginia,39069.2604
9/30/2021,85+,Male,Washington,32275.15464
9/30/2021,85+,Male,West Virginia,10390.13276
9/30/2021,85+,Male,Wisconsin,31093.79857
9/30/2021,85+,Male,Wyoming,2236.145552
9/30/2021,< 20,Female,Alabama,60.7225378
9/30/2021,< 20,Female,Alaska,11.70395408
9/30/2021,< 20,Female,Arizona,47.61883453
9/30/2021,< 20,Female,Arkansas,56.86063503
9/30/2021,< 20,Female,California,167.8586145
9/30/2021,< 20,Female,Colorado,42.40523873
9/30/2021,< 20,Female,Connecticut,26.0704746
9/30/2021,< 20,Female,Delaware,6.491915283
9/30/2021,< 20,Female,District of Columbia,1.777472418
9/30/2021,< 20,Female,Florida,139.0730025
9/30/2021,< 20,Female,Georgia,114.642301
9/30/2021,< 20,Female,Hawaii,12.56969192
9/30/2021,< 20,Female,Idaho,19.00529488
9/30/2021,< 20,Female,Illinois,99.25514597
9/30/2021,< 20,Female,Indiana,67.54894549
9/30/2021,< 20,Female,Iowa,43.97603901
9/30/2021,< 20,Female,Island Areas & Foreign,3.825688135
9/30/2021,< 20,Female,Kansas,30.10352259
9/30/2021,< 20,Female,Kentucky,41.72729591
9/30/2021,< 20,Female,Louisiana,61.81155266
9/30/2021,< 20,Female,Maine,13.92550776
9/30/2021,< 20,Female,Maryland,38.35748069
9/30/2021,< 20,Female,Massachusetts,30.61384427
9/30/2021,< 20,Female,Michigan,69.91368898
9/30/2021,< 20,Female,Minnesota,60.040911
9/30/2021,< 20,Female,Mississippi,51.51620697
9/30/2021,< 20,Female,Missouri,66.743059
9/30/2021,< 20,Female,Montana,15.08142189
9/30/2021,< 20,Female,Nebraska,21.98046038
9/30/2021,< 20,Female,Nevada,26.97151209
9/30/2021,< 20,Female,New Hampshire,11.87513432
9/30/2021,< 20,Female,New Jersey,39.15566311
9/30/2021,< 20,Female,New Mexico,16.56438144
9/30/2021,< 20,Female,New York,87.29979971
9/30/2021,< 20,Female,North Carolina,86.8387854
9/30/2021,< 20,Female,North Dakota,11.05814405
9/30/2021,< 20,Female,Ohio,106.8503084
9/30/2021,< 20,Female,Oklahoma,44.21572955
9/30/2021,< 20,Female,Oregon,35.17739311
9/30/2021,< 20,Female,Pennsylvania,103.1273657
9/30/2021,< 20,Female,Puerto Rico,4.413213725
9/30/2021,< 20,Female,Rhode Island,10.22824389
9/30/2021,< 20,Female,South Carolina,68.62039358
9/30/2021,< 20,Female,South Dakota,12.72053141
9/30/2021,< 20,Female,Tennessee,71.06266659
9/30/2021,< 20,Female,Texas,219.9447105
9/30/2021,< 20,Female,Utah,23.10794661
9/30/2021,< 20,Female,Vermont,4.732341778
9/30/2021,< 20,Female,Virginia,72.21436358
9/30/2021,< 20,Female,Washington,43.31179966
9/30/2021,< 20,Female,West Virginia,18.70369026
9/30/2021,< 20,Female,Wisconsin,55.39127929
9/30/2021,< 20,Female,Wyoming,7.185705461
9/30/2021,< 20,Male,Alabama,162.3982569
9/30/2021,< 20,Male,Alaska,31.13970159
9/30/2021,< 20,Male,Arizona,126.875487
9/30/2021,< 20,Male,Arkansas,149.8943403
9/30/2021,< 20,Male,California,447.4242927
9/30/2021,< 20,Male,Colorado,113.7394179
9/30/2021,< 20,Male,Connecticut,68.8935341
9/30/2021,< 20,Male,Delaware,17.62851812
9/30/2021,< 20,Male,District of Columbia,4.747717664
9/30/2021,< 20,Male,Florida,373.9275713
9/30/2021,< 20,Male,Georgia,307.7303515
9/30/2021,< 20,Male,Hawaii,32.93961205
9/30/2021,< 20,Male,Idaho,50.29323184
9/30/2021,< 20,Male,Illinois,266.0116496
9/30/2021,< 20,Male,Indiana,184.2588309
9/30/2021,< 20,Male,Iowa,117.5795161
9/30/2021,< 20,Male,Island Areas & Foreign,9.978485606
9/30/2021,< 20,Male,Kansas,80.45011798
9/30/2021,< 20,Male,Kentucky,111.8719089
9/30/2021,< 20,Male,Louisiana,163.083745
9/30/2021,< 20,Male,Maine,36.84729525
9/30/2021,< 20,Male,Maryland,102.1249831
9/30/2021,< 20,Male,Massachusetts,82.65444303
9/30/2021,< 20,Male,Michigan,185.5951713
9/30/2021,< 20,Male,Minnesota,161.840357
9/30/2021,< 20,Male,Mississippi,136.7977311
9/30/2021,< 20,Male,Missouri,179.5054803
9/30/2021,< 20,Male,Montana,39.77136873
9/30/2021,< 20,Male,Nebraska,59.11927552
9/30/2021,< 20,Male,Nevada,72.42647695
9/30/2021,< 20,Male,New Hampshire,31.70777454
9/30/2021,< 20,Male,New Jersey,105.0814454
9/30/2021,< 20,Male,New Mexico,43.78848878
9/30/2021,< 20,Male,New York,231.3919836
9/30/2021,< 20,Male,North Carolina,231.1586943
9/30/2021,< 20,Male,North Dakota,29.64571744
9/30/2021,< 20,Male,Ohio,288.4698008
9/30/2021,< 20,Male,Oklahoma,119.1506603
9/30/2021,< 20,Male,Oregon,93.74666326
9/30/2021,< 20,Male,Pennsylvania,277.7037128
9/30/2021,< 20,Male,Puerto Rico,11.96607625
9/30/2021,< 20,Male,Rhode Island,27.35504337
9/30/2021,< 20,Male,South Carolina,184.3530843
9/30/2021,< 20,Male,South Dakota,34.2372871
9/30/2021,< 20,Male,Tennessee,190.02753
9/30/2021,< 20,Male,Texas,591.4691749
9/30/2021,< 20,Male,Utah,61.56640327
9/30/2021,< 20,Male,Vermont,12.788059
9/30/2021,< 20,Male,Virginia,193.7137036
9/30/2021,< 20,Male,Washington,117.2774218
9/30/2021,< 20,Male,West Virginia,50.08634422
9/30/2021,< 20,Male,Wisconsin,149.2261998
9/30/2021,< 20,Male,Wyoming,19.18882415
