Date,Age Groups,Gender,Veterans
9/30/2018  12:00:00 AMale,20-24,Female,55022.4273
9/30/2018  12:00:00 AMale,20-24,Male,206633.4325
9/30/2018  12:00:00 AMale,25-29,Female,129800.3677
9/30/2018  12:00:00 AMale,25-29,Male,560256.4118
9/30/2018  12:00:00 AMale,30-34,Female,179136.9072
9/30/2018  12:00:00 AMale,30-34,Male,788861.1133
9/30/2018  12:00:00 AMale,35-39,Female,210623.4728
9/30/2018  12:00:00 AMale,35-39,Male,881167.055
9/30/2018  12:00:00 AMale,40-44,Female,188943.5038
9/30/2018  12:00:00 AMale,40-44,Male,867983.89
9/30/2018  12:00:00 AMale,45-49,Female,204214.5905
9/30/2018  12:00:00 AMale,45-49,Male,1194004.45
9/30/2018  12:00:00 AMale,50-54,Female,216376.5429
9/30/2018  12:00:00 AMale,50-54,Male,1460955.186
9/30/2018  12:00:00 AMale,55-59,Female,245866.4825
9/30/2018  12:00:00 AMale,55-59,Male,1671657.222
9/30/2018  12:00:00 AMale,60-64,Female,202172.4075
9/30/2018  12:00:00 AMale,60-64,Male,1683938.715
9/30/2018  12:00:00 AMale,65-69,Female,134360.3538
9/30/2018  12:00:00 AMale,65-69,Male,1899315.926
9/30/2018  12:00:00 AMale,70-74,Female,81346.76634
9/30/2018  12:00:00 AMale,70-74,Male,2675709.679
9/30/2018  12:00:00 AMale,75-79,Female,51332.32556
9/30/2018  12:00:00 AMale,75-79,Male,1627897.834
9/30/2018  12:00:00 AMale,80-84,Female,39062.95858
9/30/2018  12:00:00 AMale,80-84,Male,1202966.271
9/30/2018  12:00:00 AMale,85+,Female,57337.19371
9/30/2018  12:00:00 AMale,85+,Male,1607303.05
9/30/2018  12:00:00 AMale,< 20,Female,2754.714739
9/30/2018  12:00:00 AMale,< 20,Male,6893.038966
9/30/2019  12:00:00 AMale,20-24,Female,56186.04798
9/30/2019  12:00:00 AMale,20-24,Male,209903.4317
9/30/2019  12:00:00 AMale,25-29,Female,123043.7875
9/30/2019  12:00:00 AMale,25-29,Male,530629.2188
9/30/2019  12:00:00 AMale,30-34,Female,177531.377
9/30/2019  12:00:00 AMale,30-34,Male,781982.9166
9/30/2019  12:00:00 AMale,35-39,Female,210580.2572
9/30/2019  12:00:00 AMale,35-39,Male,887320.6992
9/30/2019  12:00:00 AMale,40-44,Female,194384.5139
9/30/2019  12:00:00 AMale,40-44,Male,862689.9113
9/30/2019  12:00:00 AMale,45-49,Female,198489.8407
9/30/2019  12:00:00 AMale,45-49,Male,1114228.439
9/30/2019  12:00:00 AMale,50-54,Female,214368.971
9/30/2019  12:00:00 AMale,50-54,Male,1412051.287
9/30/2019  12:00:00 AMale,55-59,Female,244082.1156
9/30/2019  12:00:00 AMale,55-59,Male,1643133.083
9/30/2019  12:00:00 AMale,60-64,Female,210887.4419
9/30/2019  12:00:00 AMale,60-64,Male,1666886.77
9/30/2019  12:00:00 AMale,65-69,Female,146524.3122
9/30/2019  12:00:00 AMale,65-69,Male,1706899.873
9/30/2019  12:00:00 AMale,70-74,Female,88755.34803
9/30/2019  12:00:00 AMale,70-74,Male,2678637.559
9/30/2019  12:00:00 AMale,75-79,Female,54237.13069
9/30/2019  12:00:00 AMale,75-79,Male,1700193.248
9/30/2019  12:00:00 AMale,80-84,Female,39528.0668
9/30/2019  12:00:00 AMale,80-84,Male,1162106.494
9/30/2019  12:00:00 AMale,85+,Female,53489.28108
9/30/2019  12:00:00 AMale,85+,Male,1550343.084
9/30/2019  12:00:00 AMale,< 20,Female,2638.095519
9/30/2019  12:00:00 AMale,< 20,Male,7061.90763
9/30/2020  12:00:00 AMale,20-24,Female,55975.09112
9/30/2020  12:00:00 AMale,20-24,Male,211031.7859
9/30/2020  12:00:00 AMale,25-29,Female,118237.5886
9/30/2020  12:00:00 AMale,25-29,Male,507512.3988
9/30/2020  12:00:00 AMale,30-34,Female,175704.1728
9/30/2020  12:00:00 AMale,30-34,Male,771355.6542
9/30/2020  12:00:00 AMale,35-39,Female,207475.3302
9/30/2020  12:00:00 AMale,35-39,Male,883007.5717
9/30/2020  12:00:00 AMale,40-44,Female,202310.3921
9/30/2020  12:00:00 AMale,40-44,Male,877277.1345
9/30/2020  12:00:00 AMale,45-49,Female,190045.1747
9/30/2020  12:00:00 AMale,45-49,Male,1022949.828
9/30/2020  12:00:00 AMale,50-54,Female,216980.9432
9/30/2020  12:00:00 AMale,50-54,Male,1381508.513
9/30/2020  12:00:00 AMale,55-59,Female,236789.0666
9/30/2020  12:00:00 AMale,55-59,Male,1592908.531
9/30/2020  12:00:00 AMale,60-64,Female,219376.5513
9/30/2020  12:00:00 AMale,60-64,Male,1646123.673
9/30/2020  12:00:00 AMale,65-69,Female,158288.172
9/30/2020  12:00:00 AMale,65-69,Male,1613495.801
9/30/2020  12:00:00 AMale,70-74,Female,99797.54571
9/30/2020  12:00:00 AMale,70-74,Male,2556229.789
9/30/2020  12:00:00 AMale,75-79,Female,56068.97697
9/30/2020  12:00:00 AMale,75-79,Male,1802064.489
9/30/2020  12:00:00 AMale,80-84,Female,40112.03882
9/30/2020  12:00:00 AMale,80-84,Male,1146344.045
9/30/2020  12:00:00 AMale,85+,Female,50751.49485
9/30/2020  12:00:00 AMale,85+,Male,1492396.608
9/30/2020  12:00:00 AMale,< 20,Female,2673.865591
9/30/2020  12:00:00 AMale,< 20,Male,7168.514468
9/30/2021  12:00:00 AMale,20-24,Female,54637.70664
9/30/2021  12:00:00 AMale,20-24,Male,212280.8402
9/30/2021  12:00:00 AMale,25-29,Female,116731.4747
9/30/2021  12:00:00 AMale,25-29,Male,495935.6097
9/30/2021  12:00:00 AMale,30-34,Female,172653.5135
9/30/2021  12:00:00 AMale,30-34,Male,752607.3669
9/30/2021  12:00:00 AMale,35-39,Female,201512.6178
9/30/2021  12:00:00 AMale,35-39,Male,868506.0373
9/30/2021  12:00:00 AMale,40-44,Female,209782.2968
9/30/2021  12:00:00 AMale,40-44,Male,897981.9883
9/30/2021  12:00:00 AMale,45-49,Female,187611.4488
9/30/2021  12:00:00 AMale,45-49,Male,957144.2259
9/30/2021  12:00:00 AMale,50-54,Female,215436.6446
9/30/2021  12:00:00 AMale,50-54,Male,1334525.418
9/30/2021  12:00:00 AMale,55-59,Female,227289.8135
9/30/2021  12:00:00 AMale,55-59,Male,1530959.049
9/30/2021  12:00:00 AMale,60-64,Female,228249.1609
9/30/2021  12:00:00 AMale,60-64,Male,1620712.961
9/30/2021  12:00:00 AMale,65-69,Female,170376.285
9/30/2021  12:00:00 AMale,65-69,Male,1591497.64
9/30/2021  12:00:00 AMale,70-74,Female,107923.2945
9/30/2021  12:00:00 AMale,70-74,Male,2246104.459
9/30/2021  12:00:00 AMale,75-79,Female,60472.02318
9/30/2021  12:00:00 AMale,75-79,Male,2006520.024
9/30/2021  12:00:00 AMale,80-84,Female,41018.73223
9/30/2021  12:00:00 AMale,80-84,Male,1161790.072
9/30/2021  12:00:00 AMale,85+,Female,49084.57167
9/30/2021  12:00:00 AMale,85+,Male,1433592.724
9/30/2021  12:00:00 AMale,< 20,Female,2603.991841
9/30/2021  12:00:00 AMale,< 20,Male,6972.648962
9/30/2022  12:00:00 AMale,20-24,Female,53182.42431
9/30/2022  12:00:00 AMale,20-24,Male,213662.6782
9/30/2022  12:00:00 AMale,25-29,Female,117256.2737
9/30/2022  12:00:00 AMale,25-29,Male,491202.7137
9/30/2022  12:00:00 AMale,30-34,Female,166807.3815
9/30/2022  12:00:00 AMale,30-34,Male,726067.194
9/30/2022  12:00:00 AMale,35-39,Female,195201.3404
9/30/2022  12:00:00 AMale,35-39,Male,850564.5723
9/30/2022  12:00:00 AMale,40-44,Female,216693.1105
9/30/2022  12:00:00 AMale,40-44,Male,920561.3737
9/30/2022  12:00:00 AMale,45-49,Female,189865.6376
9/30/2022  12:00:00 AMale,45-49,Male,920283.3079
9/30/2022  12:00:00 AMale,50-54,Female,211268.1669
9/30/2022  12:00:00 AMale,50-54,Male,1269543.962
9/30/2022  12:00:00 AMale,55-59,Female,218584.1153
9/30/2022  12:00:00 AMale,55-59,Male,1468864.011
9/30/2022  12:00:00 AMale,60-64,Female,234918.7405
9/30/2022  12:00:00 AMale,60-64,Male,1594965.164
9/30/2022  12:00:00 AMale,65-69,Female,182738.1235
9/30/2022  12:00:00 AMale,65-69,Male,1555947.419
9/30/2022  12:00:00 AMale,70-74,Female,115570.4439
9/30/2022  12:00:00 AMale,70-74,Male,1952565.581
9/30/2022  12:00:00 AMale,75-79,Female,65923.73127
9/30/2022  12:00:00 AMale,75-79,Male,2175263.832
9/30/2022  12:00:00 AMale,80-84,Female,39986.58626
9/30/2022  12:00:00 AMale,80-84,Male,1199908.338
9/30/2022  12:00:00 AMale,85+,Female,49241.41214
9/30/2022  12:00:00 AMale,85+,Male,1386109.433
9/30/2022  12:00:00 AMale,< 20,Female,2567.96221
9/30/2022  12:00:00 AMale,< 20,Male,6876.148001
9/30/2023  12:00:00 AMale,20-24,Female,52012.19962
9/30/2023  12:00:00 AMale,20-24,Male,213673.9854
9/30/2023  12:00:00 AMale,25-29,Female,118367.5707
9/30/2023  12:00:00 AMale,25-29,Male,493365.9834
9/30/2023  12:00:00 AMale,30-34,Female,159653.5617
9/30/2023  12:00:00 AMale,30-34,Male,691324.79
9/30/2023  12:00:00 AMale,35-39,Female,191388.6585
9/30/2023  12:00:00 AMale,35-39,Male,841268.0255
9/30/2023  12:00:00 AMale,40-44,Female,220320.6716
9/30/2023  12:00:00 AMale,40-44,Male,935980.2224
9/30/2023  12:00:00 AMale,45-49,Female,194259.5446
9/30/2023  12:00:00 AMale,45-49,Male,901064.0727
9/30/2023  12:00:00 AMale,50-54,Female,205341.0445
9/30/2023  12:00:00 AMale,50-54,Male,1191519.147
9/30/2023  12:00:00 AMale,55-59,Female,213123.5687
9/30/2023  12:00:00 AMale,55-59,Male,1413716.733
9/30/2023  12:00:00 AMale,60-64,Female,238266.4534
9/30/2023  12:00:00 AMale,60-64,Male,1574503.068
9/30/2023  12:00:00 AMale,65-69,Female,192367.3698
9/30/2023  12:00:00 AMale,65-69,Male,1550145.502
9/30/2023  12:00:00 AMale,70-74,Female,124187.9059
9/30/2023  12:00:00 AMale,70-74,Male,1693907.552
9/30/2023  12:00:00 AMale,75-79,Female,71925.66244
9/30/2023  12:00:00 AMale,75-79,Male,2263744.467
9/30/2023  12:00:00 AMale,80-84,Female,41360.851
9/30/2023  12:00:00 AMale,80-84,Male,1240510.187
9/30/2023  12:00:00 AMale,85+,Female,48899.06114
9/30/2023  12:00:00 AMale,85+,Male,1347967.013
9/30/2023  12:00:00 AMale,< 20,Female,2533.316788
9/30/2023  12:00:00 AMale,< 20,Male,6782.262727
9/30/2024  12:00:00 AMale,20-24,Female,51620.47644
9/30/2024  12:00:00 AMale,20-24,Male,213386.3633
9/30/2024  12:00:00 AMale,25-29,Female,119410.98
9/30/2024  12:00:00 AMale,25-29,Male,497129.5232
9/30/2024  12:00:00 AMale,30-34,Female,151463.0898
9/30/2024  12:00:00 AMale,30-34,Male,655588.8774
9/30/2024  12:00:00 AMale,35-39,Female,188919.3543
9/30/2024  12:00:00 AMale,35-39,Male,830449.1947
9/30/2024  12:00:00 AMale,40-44,Female,220247.7336
9/30/2024  12:00:00 AMale,40-44,Male,942309.6449
9/30/2024  12:00:00 AMale,45-49,Female,199678.4636
9/30/2024  12:00:00 AMale,45-49,Male,896033.0981
9/30/2024  12:00:00 AMale,50-54,Female,199546.6758
9/30/2024  12:00:00 AMale,50-54,Male,1112422.517
9/30/2024  12:00:00 AMale,55-59,Female,211173.7061
9/30/2024  12:00:00 AMale,55-59,Male,1366791.591
9/30/2024  12:00:00 AMale,60-64,Female,236518.7586
9/30/2024  12:00:00 AMale,60-64,Male,1548524.096
9/30/2024  12:00:00 AMale,65-69,Female,200720.2678
9/30/2024  12:00:00 AMale,65-69,Male,1535450.22
9/30/2024  12:00:00 AMale,70-74,Female,135499.6268
9/30/2024  12:00:00 AMale,70-74,Male,1524566.268
9/30/2024  12:00:00 AMale,75-79,Female,78546.07759
9/30/2024  12:00:00 AMale,75-79,Male,2262665.013
9/30/2024  12:00:00 AMale,80-84,Female,43799.31682
9/30/2024  12:00:00 AMale,80-84,Male,1298318.41
9/30/2024  12:00:00 AMale,85+,Female,48132.64463
9/30/2024  12:00:00 AMale,85+,Male,1308850.283
9/30/2024  12:00:00 AMale,< 20,Female,2531.936407
9/30/2024  12:00:00 AMale,< 20,Male,6781.386206
9/30/2025  12:00:00 AMale,20-24,Female,50842.7588
9/30/2025  12:00:00 AMale,20-24,Male,210233.229
9/30/2025  12:00:00 AMale,25-29,Female,120068.9723
9/30/2025  12:00:00 AMale,25-29,Male,503116.0719
9/30/2025  12:00:00 AMale,30-34,Female,145405.3674
9/30/2025  12:00:00 AMale,30-34,Male,627061.0497
9/30/2025  12:00:00 AMale,35-39,Female,186176.4183
9/30/2025  12:00:00 AMale,35-39,Male,815548.188
9/30/2025  12:00:00 AMale,40-44,Female,217072.7743
9/30/2025  12:00:00 AMale,40-44,Male,937831.3112
9/30/2025  12:00:00 AMale,45-49,Female,207541.6305
9/30/2025  12:00:00 AMale,45-49,Male,910501.6584
9/30/2025  12:00:00 AMale,50-54,Female,191097.9547
9/30/2025  12:00:00 AMale,50-54,Male,1022322.589
9/30/2025  12:00:00 AMale,55-59,Female,213763.0207
9/30/2025  12:00:00 AMale,55-59,Male,1337734.888
9/30/2025  12:00:00 AMale,60-64,Female,229459.2306
9/30/2025  12:00:00 AMale,60-64,Male,1502244.178
9/30/2025  12:00:00 AMale,65-69,Female,208874.0928
9/30/2025  12:00:00 AMale,65-69,Male,1517358.221
9/30/2025  12:00:00 AMale,70-74,Female,146466.0569
9/30/2025  12:00:00 AMale,70-74,Male,1442752.864
9/30/2025  12:00:00 AMale,75-79,Female,88344.77632
9/30/2025  12:00:00 AMale,75-79,Male,2154587.503
9/30/2025  12:00:00 AMale,80-84,Female,45337.20483
9/30/2025  12:00:00 AMale,80-84,Male,1379012.382
9/30/2025  12:00:00 AMale,85+,Female,47981.0407
9/30/2025  12:00:00 AMale,85+,Male,1281542.414
9/30/2025  12:00:00 AMale,< 20,Female,2526.609744
9/30/2025  12:00:00 AMale,< 20,Male,6766.807619
9/30/2026  12:00:00 AMale,20-24,Female,50198.10062
9/30/2026  12:00:00 AMale,20-24,Male,207645.4702
9/30/2026  12:00:00 AMale,25-29,Female,119288.1215
9/30/2026  12:00:00 AMale,25-29,Male,507580.5147
9/30/2026  12:00:00 AMale,30-34,Female,143139.1916
9/30/2026  12:00:00 AMale,30-34,Male,612041.0732
9/30/2026  12:00:00 AMale,35-39,Female,182682.2682
9/30/2026  12:00:00 AMale,35-39,Male,794933.7025
9/30/2026  12:00:00 AMale,40-44,Female,210987.6928
9/30/2026  12:00:00 AMale,40-44,Male,922924.3817
9/30/2026  12:00:00 AMale,45-49,Female,215051.8998
9/30/2026  12:00:00 AMale,45-49,Male,931600.3662
9/30/2026  12:00:00 AMale,50-54,Female,188614.1102
9/30/2026  12:00:00 AMale,50-54,Male,957407.5518
9/30/2026  12:00:00 AMale,55-59,Female,212242.0588
9/30/2026  12:00:00 AMale,55-59,Male,1292593.137
9/30/2026  12:00:00 AMale,60-64,Female,220294.966
9/30/2026  12:00:00 AMale,60-64,Male,1445003.38
9/30/2026  12:00:00 AMale,65-69,Female,217381.0864
9/30/2026  12:00:00 AMale,65-69,Male,1495194.281
9/30/2026  12:00:00 AMale,70-74,Female,157712.4824
9/30/2026  12:00:00 AMale,70-74,Male,1424233.479
9/30/2026  12:00:00 AMale,75-79,Female,95638.6818
9/30/2026  12:00:00 AMale,75-79,Male,1893253.857
9/30/2026  12:00:00 AMale,80-84,Female,49131.63842
9/30/2026  12:00:00 AMale,80-84,Male,1543434.59
9/30/2026  12:00:00 AMale,85+,Female,48690.66298
9/30/2026  12:00:00 AMale,85+,Male,1273588.555
9/30/2026  12:00:00 AMale,< 20,Female,2521.140084
9/30/2026  12:00:00 AMale,< 20,Male,6751.771197
9/30/2027  12:00:00 AMale,20-24,Female,49863.11234
9/30/2027  12:00:00 AMale,20-24,Male,206330.2707
9/30/2027  12:00:00 AMale,25-29,Female,117757.5363
9/30/2027  12:00:00 AMale,25-29,Male,508992.0692
9/30/2027  12:00:00 AMale,30-34,Female,143350.8842
9/30/2027  12:00:00 AMale,30-34,Male,605848.8696
9/30/2027  12:00:00 AMale,35-39,Female,176514.4476
9/30/2027  12:00:00 AMale,35-39,Male,767042.7736
9/30/2027  12:00:00 AMale,40-44,Female,204461.1964
9/30/2027  12:00:00 AMale,40-44,Male,903889.5088
9/30/2027  12:00:00 AMale,45-49,Female,222054.1677
9/30/2027  12:00:00 AMale,45-49,Male,954883.7981
9/30/2027  12:00:00 AMale,50-54,Female,190801.3326
9/30/2027  12:00:00 AMale,50-54,Male,921105.1891
9/30/2027  12:00:00 AMale,55-59,Female,208124.4856
9/30/2027  12:00:00 AMale,55-59,Male,1229903.52
9/30/2027  12:00:00 AMale,60-64,Female,211925.4425
9/30/2027  12:00:00 AMale,60-64,Male,1387625.209
9/30/2027  12:00:00 AMale,65-69,Female,223767.7766
9/30/2027  12:00:00 AMale,65-69,Male,1472807.305
9/30/2027  12:00:00 AMale,70-74,Female,169169.8156
9/30/2027  12:00:00 AMale,70-74,Male,1394145.434
9/30/2027  12:00:00 AMale,75-79,Female,102475.2113
9/30/2027  12:00:00 AMale,75-79,Male,1649720.245
9/30/2027  12:00:00 AMale,80-84,Female,53698.2706
9/30/2027  12:00:00 AMale,80-84,Male,1679745.308
9/30/2027  12:00:00 AMale,85+,Female,49063.76787
9/30/2027  12:00:00 AMale,85+,Male,1287733.554
9/30/2027  12:00:00 AMale,< 20,Female,2520.881499
9/30/2027  12:00:00 AMale,< 20,Male,6751.783692
9/30/2028  12:00:00 AMale,20-24,Female,49628.30763
9/30/2028  12:00:00 AMale,20-24,Male,205383.6544
9/30/2028  12:00:00 AMale,25-29,Female,116199.7896
9/30/2028  12:00:00 AMale,25-29,Male,507353.14
9/30/2028  12:00:00 AMale,30-34,Female,144356.4222
9/30/2028  12:00:00 AMale,30-34,Male,607493.0495
9/30/2028  12:00:00 AMale,35-39,Female,169095.7938
9/30/2028  12:00:00 AMale,35-39,Male,731165.0715
9/30/2028  12:00:00 AMale,40-44,Female,200365.1695
9/30/2028  12:00:00 AMale,40-44,Male,892980.5428
9/30/2028  12:00:00 AMale,45-49,Female,225756.59
9/30/2028  12:00:00 AMale,45-49,Male,970774.7554
9/30/2028  12:00:00 AMale,50-54,Female,195127.0989
9/30/2028  12:00:00 AMale,50-54,Male,902242.7015
9/30/2028  12:00:00 AMale,55-59,Female,202291.3995
9/30/2028  12:00:00 AMale,55-59,Male,1154698.485
9/30/2028  12:00:00 AMale,60-64,Female,206721.2061
9/30/2028  12:00:00 AMale,60-64,Male,1336817.072
9/30/2028  12:00:00 AMale,65-69,Female,226962.1854
9/30/2028  12:00:00 AMale,65-69,Male,1455166.354
9/30/2028  12:00:00 AMale,70-74,Female,178108.3206
9/30/2028  12:00:00 AMale,70-74,Male,1389996.858
9/30/2028  12:00:00 AMale,75-79,Female,110243.5242
9/30/2028  12:00:00 AMale,75-79,Male,1435049.443
9/30/2028  12:00:00 AMale,80-84,Female,58793.93872
9/30/2028  12:00:00 AMale,80-84,Male,1749713.463
9/30/2028  12:00:00 AMale,85+,Female,50584.07456
9/30/2028  12:00:00 AMale,85+,Male,1307319.962
9/30/2028  12:00:00 AMale,< 20,Female,2518.561591
9/30/2028  12:00:00 AMale,< 20,Male,6745.795363
9/30/2029  12:00:00 AMale,20-24,Female,49431.46597
9/30/2029  12:00:00 AMale,20-24,Male,204554.0502
9/30/2029  12:00:00 AMale,25-29,Female,115403.9866
9/30/2029  12:00:00 AMale,25-29,Male,505363.8184
9/30/2029  12:00:00 AMale,30-34,Female,145473.1424
9/30/2029  12:00:00 AMale,30-34,Male,611632.643
9/30/2029  12:00:00 AMale,35-39,Female,160649.8438
9/30/2029  12:00:00 AMale,35-39,Male,694321.2975
9/30/2029  12:00:00 AMale,40-44,Female,197578.8776
9/30/2029  12:00:00 AMale,40-44,Male,880372.5206
9/30/2029  12:00:00 AMale,45-49,Female,225750.9873
9/30/2029  12:00:00 AMale,45-49,Male,977423.4947
9/30/2029  12:00:00 AMale,50-54,Female,200501.6504
9/30/2029  12:00:00 AMale,50-54,Male,897492.5124
9/30/2029  12:00:00 AMale,55-59,Female,196618.3961
9/30/2029  12:00:00 AMale,55-59,Male,1078652.835
9/30/2029  12:00:00 AMale,60-64,Female,204932.9736
9/30/2029  12:00:00 AMale,60-64,Male,1293722.166
9/30/2029  12:00:00 AMale,65-69,Female,225334.5684
9/30/2029  12:00:00 AMale,65-69,Male,1432323.407
9/30/2029  12:00:00 AMale,70-74,Female,185921.8458
9/30/2029  12:00:00 AMale,70-74,Male,1377899.039
9/30/2029  12:00:00 AMale,75-79,Female,120428.2931
9/30/2029  12:00:00 AMale,75-79,Male,1295708.884
9/30/2029  12:00:00 AMale,80-84,Female,64350.72905
9/30/2029  12:00:00 AMale,80-84,Male,1746303.6
9/30/2029  12:00:00 AMale,85+,Female,52291.90166
9/30/2029  12:00:00 AMale,85+,Male,1334728.568
9/30/2029  12:00:00 AMale,< 20,Female,2515.238082
9/30/2029  12:00:00 AMale,< 20,Male,6736.867744
9/30/2030  12:00:00 AMale,20-24,Female,49267.70224
9/30/2030  12:00:00 AMale,20-24,Male,203882.3338
9/30/2030  12:00:00 AMale,25-29,Female,114145.1192
9/30/2030  12:00:00 AMale,25-29,Male,500142.2446
9/30/2030  12:00:00 AMale,30-34,Female,146282.5419
9/30/2030  12:00:00 AMale,30-34,Male,618370.0167
9/30/2030  12:00:00 AMale,35-39,Female,154343.6924
9/30/2030  12:00:00 AMale,35-39,Male,664705.7958
9/30/2030  12:00:00 AMale,40-44,Female,194642.2148
9/30/2030  12:00:00 AMale,40-44,Male,864453.4815
9/30/2030  12:00:00 AMale,45-49,Female,222800.7926
9/30/2030  12:00:00 AMale,45-49,Male,974321.5193
9/30/2030  12:00:00 AMale,50-54,Female,208332.2509
9/30/2030  12:00:00 AMale,50-54,Male,912118.6811
9/30/2030  12:00:00 AMale,55-59,Female,188371.7886
9/30/2030  12:00:00 AMale,55-59,Male,992171.4957
9/30/2030  12:00:00 AMale,60-64,Female,207556.2238
9/30/2030  12:00:00 AMale,60-64,Male,1267426.645
9/30/2030  12:00:00 AMale,65-69,Female,218668.4588
9/30/2030  12:00:00 AMale,65-69,Male,1390511.654
9/30/2030  12:00:00 AMale,70-74,Female,193614.9621
9/30/2030  12:00:00 AMale,70-74,Male,1362996.114
9/30/2030  12:00:00 AMale,75-79,Female,130371.5342
9/30/2030  12:00:00 AMale,75-79,Male,1229639.984
9/30/2030  12:00:00 AMale,80-84,Female,72470.38367
9/30/2030  12:00:00 AMale,80-84,Male,1658739.576
9/30/2030  12:00:00 AMale,85+,Female,53565.37418
9/30/2030  12:00:00 AMale,85+,Male,1383810.184
9/30/2030  12:00:00 AMale,< 20,Female,2513.08077
9/30/2030  12:00:00 AMale,< 20,Male,6731.29708
9/30/2031  12:00:00 AMale,20-24,Female,49144.35545
9/30/2031  12:00:00 AMale,20-24,Male,203395.5826
9/30/2031  12:00:00 AMale,25-29,Female,113128.3761
9/30/2031  12:00:00 AMale,25-29,Male,495953.2027
9/30/2031  12:00:00 AMale,30-34,Female,145524.1287
9/30/2031  12:00:00 AMale,30-34,Male,623057.2082
9/30/2031  12:00:00 AMale,35-39,Female,151978.69
9/30/2031  12:00:00 AMale,35-39,Male,649253.7233
9/30/2031  12:00:00 AMale,40-44,Female,190934.2424
9/30/2031  12:00:00 AMale,40-44,Male,842789.1118
9/30/2031  12:00:00 AMale,45-49,Female,216812.035
9/30/2031  12:00:00 AMale,45-49,Male,959887.3655
9/30/2031  12:00:00 AMale,50-54,Female,215826.0871
9/30/2031  12:00:00 AMale,50-54,Male,933308.7797
9/30/2031  12:00:00 AMale,55-59,Female,185978.1697
9/30/2031  12:00:00 AMale,55-59,Male,930044.7185
9/30/2031  12:00:00 AMale,60-64,Female,206159.1908
9/30/2031  12:00:00 AMale,60-64,Male,1225494.414
9/30/2031  12:00:00 AMale,65-69,Female,210053.3322
9/30/2031  12:00:00 AMale,65-69,Male,1338602.369
9/30/2031  12:00:00 AMale,70-74,Female,201658.2231
9/30/2031  12:00:00 AMale,70-74,Male,1344701.457
9/30/2031  12:00:00 AMale,75-79,Female,140529.3902
9/30/2031  12:00:00 AMale,75-79,Male,1216290.449
9/30/2031  12:00:00 AMale,80-84,Female,78595.57787
9/30/2031  12:00:00 AMale,80-84,Male,1458082.14
9/30/2031  12:00:00 AMale,85+,Female,57047.23604
9/30/2031  12:00:00 AMale,85+,Male,1502387.997
9/30/2031  12:00:00 AMale,< 20,Female,2514.487404
9/30/2031  12:00:00 AMale,< 20,Male,6736.039295
9/30/2032  12:00:00 AMale,20-24,Female,49032.29056
9/30/2032  12:00:00 AMale,20-24,Male,202947.0377
9/30/2032  12:00:00 AMale,25-29,Female,112490.5639
9/30/2032  12:00:00 AMale,25-29,Male,493326.421
9/30/2032  12:00:00 AMale,30-34,Female,143895.6465
9/30/2032  12:00:00 AMale,30-34,Male,624136.1852
9/30/2032  12:00:00 AMale,35-39,Female,152207.5492
9/30/2032  12:00:00 AMale,35-39,Male,643208.9264
9/30/2032  12:00:00 AMale,40-44,Female,184765.2229
9/30/2032  12:00:00 AMale,40-44,Male,815175.2918
9/30/2032  12:00:00 AMale,45-49,Female,210339.6024
9/30/2032  12:00:00 AMale,45-49,Male,941106.5167
9/30/2032  12:00:00 AMale,50-54,Female,222843.9933
9/30/2032  12:00:00 AMale,50-54,Male,956783.4615
9/30/2032  12:00:00 AMale,55-59,Female,188165.1189
9/30/2032  12:00:00 AMale,55-59,Male,895504.2362
9/30/2032  12:00:00 AMale,60-64,Female,202210.5072
9/30/2032  12:00:00 AMale,60-64,Male,1166663.523
9/30/2032  12:00:00 AMale,65-69,Female,202198.4591
9/30/2032  12:00:00 AMale,65-69,Male,1286516.183
9/30/2032  12:00:00 AMale,70-74,Female,207690.8771
9/30/2032  12:00:00 AMale,70-74,Male,1326067.286
9/30/2032  12:00:00 AMale,75-79,Female,150796.0686
9/30/2032  12:00:00 AMale,75-79,Male,1193320.725
9/30/2032  12:00:00 AMale,80-84,Female,84281.97346
9/30/2032  12:00:00 AMale,80-84,Male,1275288.425
9/30/2032  12:00:00 AMale,85+,Female,60712.16615
9/30/2032  12:00:00 AMale,85+,Male,1611379.183
9/30/2032  12:00:00 AMale,< 20,Female,2512.582072
9/30/2032  12:00:00 AMale,< 20,Male,6731.144923
9/30/2033  12:00:00 AMale,20-24,Female,48955.9393
9/30/2033  12:00:00 AMale,20-24,Male,202673.1043
9/30/2033  12:00:00 AMale,25-29,Female,112016.1603
9/30/2033  12:00:00 AMale,25-29,Male,491361.8699
9/30/2033  12:00:00 AMale,30-34,Female,142213.461
9/30/2033  12:00:00 AMale,30-34,Male,622005.1141
9/30/2033  12:00:00 AMale,35-39,Female,153340.8801
9/30/2033  12:00:00 AMale,35-39,Male,645537.4486
9/30/2033  12:00:00 AMale,40-44,Female,177576.4158
9/30/2033  12:00:00 AMale,40-44,Male,781030.7275
9/30/2033  12:00:00 AMale,45-49,Female,206308.6295
9/30/2033  12:00:00 AMale,45-49,Male,930568.8569
9/30/2033  12:00:00 AMale,50-54,Female,226589.4781
9/30/2033  12:00:00 AMale,50-54,Male,972916.0277
9/30/2033  12:00:00 AMale,55-59,Female,192446.3553
9/30/2033  12:00:00 AMale,55-59,Male,877750.7641
9/30/2033  12:00:00 AMale,60-64,Female,196597.6646
9/30/2033  12:00:00 AMale,60-64,Male,1095946.131
9/30/2033  12:00:00 AMale,65-69,Female,197365.3804
9/30/2033  12:00:00 AMale,65-69,Male,1240550.156
9/30/2033  12:00:00 AMale,70-74,Female,210714.3311
9/30/2033  12:00:00 AMale,70-74,Male,1311431.635
9/30/2033  12:00:00 AMale,75-79,Female,158828.1931
9/30/2033  12:00:00 AMale,75-79,Male,1191053.777
9/30/2033  12:00:00 AMale,80-84,Female,90839.35507
9/30/2033  12:00:00 AMale,80-84,Male,1113845.695
9/30/2033  12:00:00 AMale,85+,Female,65519.29759
9/30/2033  12:00:00 AMale,85+,Male,1671906.497
9/30/2033  12:00:00 AMale,< 20,Female,2516.119296
9/30/2033  12:00:00 AMale,< 20,Male,6742.043495
9/30/2034  12:00:00 AMale,20-24,Female,48966.08634
9/30/2034  12:00:00 AMale,20-24,Male,202805.6952
9/30/2034  12:00:00 AMale,25-29,Female,111631.9489
9/30/2034  12:00:00 AMale,25-29,Male,489752.9903
9/30/2034  12:00:00 AMale,30-34,Female,141283.2916
9/30/2034  12:00:00 AMale,30-34,Male,619459.4252
9/30/2034  12:00:00 AMale,35-39,Female,154419.4478
9/30/2034  12:00:00 AMale,35-39,Male,649502.1148
9/30/2034  12:00:00 AMale,40-44,Female,169370.5016
9/30/2034  12:00:00 AMale,40-44,Male,745633.6639
9/30/2034  12:00:00 AMale,45-49,Female,203516.3261
9/30/2034  12:00:00 AMale,45-49,Male,917959.8289
9/30/2034  12:00:00 AMale,50-54,Female,226667.8064
9/30/2034  12:00:00 AMale,50-54,Male,979982.6613
9/30/2034  12:00:00 AMale,55-59,Female,197781.7897
9/30/2034  12:00:00 AMale,55-59,Male,873768.1439
9/30/2034  12:00:00 AMale,60-64,Female,191150.4035
9/30/2034  12:00:00 AMale,60-64,Male,1024473.642
9/30/2034  12:00:00 AMale,65-69,Female,195795.8843
9/30/2034  12:00:00 AMale,65-69,Male,1201744.105
9/30/2034  12:00:00 AMale,70-74,Female,209265.2093
9/30/2034  12:00:00 AMale,70-74,Male,1291947.383
9/30/2034  12:00:00 AMale,75-79,Female,165945.9504
9/30/2034  12:00:00 AMale,75-79,Male,1182005.198
9/30/2034  12:00:00 AMale,80-84,Female,99443.88968
9/30/2034  12:00:00 AMale,80-84,Male,1010750.712
9/30/2034  12:00:00 AMale,85+,Female,70672.45064
9/30/2034  12:00:00 AMale,85+,Male,1682194.005
9/30/2034  12:00:00 AMale,< 20,Female,2523.173003
9/30/2034  12:00:00 AMale,< 20,Male,6763.148192
9/30/2035  12:00:00 AMale,20-24,Female,49020.64583
9/30/2035  12:00:00 AMale,20-24,Male,203132.5975
9/30/2035  12:00:00 AMale,25-29,Female,111330.5735
9/30/2035  12:00:00 AMale,25-29,Male,488525.9343
9/30/2035  12:00:00 AMale,30-34,Female,139894.6755
9/30/2035  12:00:00 AMale,30-34,Male,613693.135
9/30/2035  12:00:00 AMale,35-39,Female,155210.4087
9/30/2035  12:00:00 AMale,35-39,Male,656144.745
9/30/2035  12:00:00 AMale,40-44,Female,163192.8213
9/30/2035  12:00:00 AMale,40-44,Male,716657.6731
9/30/2035  12:00:00 AMale,45-49,Female,200489.1426
9/30/2035  12:00:00 AMale,45-49,Male,901475.1087
9/30/2035  12:00:00 AMale,50-54,Female,223790.265
9/30/2035  12:00:00 AMale,50-54,Male,977188.759
9/30/2035  12:00:00 AMale,55-59,Female,205490.452
9/30/2035  12:00:00 AMale,55-59,Male,888262.284
9/30/2035  12:00:00 AMale,60-64,Female,183220.3145
9/30/2035  12:00:00 AMale,60-64,Male,943141.5522
9/30/2035  12:00:00 AMale,65-69,Female,198419.6581
9/30/2035  12:00:00 AMale,65-69,Male,1178374.48
9/30/2035  12:00:00 AMale,70-74,Female,203154.3
9/30/2035  12:00:00 AMale,70-74,Male,1255247.21
9/30/2035  12:00:00 AMale,75-79,Female,173023.3045
9/30/2035  12:00:00 AMale,75-79,Male,1170889.159
9/30/2035  12:00:00 AMale,80-84,Female,107930.5629
9/30/2035  12:00:00 AMale,80-84,Male,963518.7892
9/30/2035  12:00:00 AMale,85+,Female,77306.30112
9/30/2035  12:00:00 AMale,85+,Male,1646335.943
9/30/2035  12:00:00 AMale,< 20,Female,2518.423816
9/30/2035  12:00:00 AMale,< 20,Male,6749.945536
9/30/2036  12:00:00 AMale,20-24,Female,49096.56791
9/30/2036  12:00:00 AMale,20-24,Male,203566.7771
9/30/2036  12:00:00 AMale,25-29,Female,111152.9253
9/30/2036  12:00:00 AMale,25-29,Male,487877.257
9/30/2036  12:00:00 AMale,30-34,Female,138790.1912
9/30/2036  12:00:00 AMale,30-34,Male,609131.1437
9/30/2036  12:00:00 AMale,35-39,Female,154444.9258
9/30/2036  12:00:00 AMale,35-39,Male,660799.681
9/30/2036  12:00:00 AMale,40-44,Female,160852.2066
9/30/2036  12:00:00 AMale,40-44,Male,701206.3152
9/30/2036  12:00:00 AMale,45-49,Female,196725.4888
9/30/2036  12:00:00 AMale,45-49,Male,879530.6422
9/30/2036  12:00:00 AMale,50-54,Female,217874.5043
9/30/2036  12:00:00 AMale,50-54,Male,963041.1234
9/30/2036  12:00:00 AMale,55-59,Female,212879.9496
9/30/2036  12:00:00 AMale,55-59,Male,909100.3627
9/30/2036  12:00:00 AMale,60-64,Female,180956.1869
9/30/2036  12:00:00 AMale,60-64,Male,884795.1726
9/30/2036  12:00:00 AMale,65-69,Female,197153.2284
9/30/2036  12:00:00 AMale,65-69,Male,1140147.32
9/30/2036  12:00:00 AMale,70-74,Female,195282.5073
9/30/2036  12:00:00 AMale,70-74,Male,1209466.032
9/30/2036  12:00:00 AMale,75-79,Female,180421.0539
9/30/2036  12:00:00 AMale,75-79,Male,1157167.583
9/30/2036  12:00:00 AMale,80-84,Female,116533.768
9/30/2036  12:00:00 AMale,80-84,Male,956017.7635
9/30/2036  12:00:00 AMale,85+,Female,83926.98566
9/30/2036  12:00:00 AMale,85+,Male,1579869.058
9/30/2036  12:00:00 AMale,< 20,Female,2515.09791
9/30/2036  12:00:00 AMale,< 20,Male,6740.847458
9/30/2037  12:00:00 AMale,20-24,Female,49162.19721
9/30/2037  12:00:00 AMale,20-24,Male,203956.93
9/30/2037  12:00:00 AMale,25-29,Female,111070.3811
9/30/2037  12:00:00 AMale,25-29,Male,487678.8142
9/30/2037  12:00:00 AMale,30-34,Female,138109.0824
9/30/2037  12:00:00 AMale,30-34,Male,606318.6731
9/30/2037  12:00:00 AMale,35-39,Female,152842.0228
9/30/2037  12:00:00 AMale,35-39,Male,662013.5112
9/30/2037  12:00:00 AMale,40-44,Female,160962.8218
9/30/2037  12:00:00 AMale,40-44,Male,694300.3854
9/30/2037  12:00:00 AMale,45-49,Female,190452.658
9/30/2037  12:00:00 AMale,45-49,Male,851258.6681
9/30/2037  12:00:00 AMale,50-54,Female,211437.5657
9/30/2037  12:00:00 AMale,50-54,Male,944344.8181
9/30/2037  12:00:00 AMale,55-59,Female,219809.1724
9/30/2037  12:00:00 AMale,55-59,Male,932157.3563
9/30/2037  12:00:00 AMale,60-64,Female,183139.4447
9/30/2037  12:00:00 AMale,60-64,Male,852591.5212
9/30/2037  12:00:00 AMale,65-69,Female,193415.52
9/30/2037  12:00:00 AMale,65-69,Male,1085969.3
9/30/2037  12:00:00 AMale,70-74,Female,188126.1706
9/30/2037  12:00:00 AMale,70-74,Male,1163507.248
9/30/2037  12:00:00 AMale,75-79,Female,185951.6288
9/30/2037  12:00:00 AMale,75-79,Male,1142953.867
9/30/2037  12:00:00 AMale,80-84,Female,125119.6472
9/30/2037  12:00:00 AMale,80-84,Male,941303.1387
9/30/2037  12:00:00 AMale,85+,Female,90179.39875
9/30/2037  12:00:00 AMale,85+,Male,1521838.554
9/30/2037  12:00:00 AMale,< 20,Female,2514.762355
9/30/2037  12:00:00 AMale,< 20,Male,6740.431958
9/30/2038  12:00:00 AMale,20-24,Female,49144.68313
9/30/2038  12:00:00 AMale,20-24,Male,203936.3772
9/30/2038  12:00:00 AMale,25-29,Female,111075.6869
9/30/2038  12:00:00 AMale,25-29,Male,487916.9261
9/30/2038  12:00:00 AMale,30-34,Female,137613.5367
9/30/2038  12:00:00 AMale,30-34,Male,604265.253
9/30/2038  12:00:00 AMale,35-39,Female,151222.4451
9/30/2038  12:00:00 AMale,35-39,Male,660216.7197
9/30/2038  12:00:00 AMale,40-44,Female,161877.6483
9/30/2038  12:00:00 AMale,40-44,Male,695233.9275
9/30/2038  12:00:00 AMale,45-49,Female,183025.7916
9/30/2038  12:00:00 AMale,45-49,Male,815528.3828
9/30/2038  12:00:00 AMale,50-54,Female,207371.413
9/30/2038  12:00:00 AMale,50-54,Male,933471.1689
9/30/2038  12:00:00 AMale,55-59,Female,223506.9766
9/30/2038  12:00:00 AMale,55-59,Male,947960.4117
9/30/2038  12:00:00 AMale,60-64,Female,187356.4593
9/30/2038  12:00:00 AMale,60-64,Male,836293.4567
9/30/2038  12:00:00 AMale,65-69,Female,188092.6509
9/30/2038  12:00:00 AMale,65-69,Male,1020703.431
9/30/2038  12:00:00 AMale,70-74,Female,183783.7602
9/30/2038  12:00:00 AMale,70-74,Male,1123125.554
9/30/2038  12:00:00 AMale,75-79,Female,188707.9415
9/30/2038  12:00:00 AMale,75-79,Male,1131758.32
9/30/2038  12:00:00 AMale,80-84,Female,131869.838
9/30/2038  12:00:00 AMale,80-84,Male,941019.1494
9/30/2038  12:00:00 AMale,85+,Female,97830.6213
9/30/2038  12:00:00 AMale,85+,Male,1447032.731
9/30/2038  12:00:00 AMale,< 20,Female,2516.261952
9/30/2038  12:00:00 AMale,< 20,Male,6745.346303
9/30/2039  12:00:00 AMale,20-24,Female,49065.9532
9/30/2039  12:00:00 AMale,20-24,Male,203620.471
9/30/2039  12:00:00 AMale,25-29,Female,111167.1236
9/30/2039  12:00:00 AMale,25-29,Male,488565.1138
9/30/2039  12:00:00 AMale,30-34,Female,137216.8816
9/30/2039  12:00:00 AMale,30-34,Male,602606.6255
9/30/2039  12:00:00 AMale,35-39,Female,150380.2121
9/30/2039  12:00:00 AMale,35-39,Male,658146.2384
9/30/2039  12:00:00 AMale,40-44,Female,163028.2445
9/30/2039  12:00:00 AMale,40-44,Male,699579.5336
9/30/2039  12:00:00 AMale,45-49,Female,174648.4758
9/30/2039  12:00:00 AMale,45-49,Male,778977.9946
9/30/2039  12:00:00 AMale,50-54,Female,204547.4075
9/30/2039  12:00:00 AMale,50-54,Male,920702.2851
9/30/2039  12:00:00 AMale,55-59,Female,223623.4569
9/30/2039  12:00:00 AMale,55-59,Male,955107.4306
9/30/2039  12:00:00 AMale,60-64,Female,192613.4215
9/30/2039  12:00:00 AMale,60-64,Male,833156.6213
9/30/2039  12:00:00 AMale,65-69,Female,182968.232
9/30/2039  12:00:00 AMale,65-69,Male,954849.0867
9/30/2039  12:00:00 AMale,70-74,Female,182479.6387
9/30/2039  12:00:00 AMale,70-74,Male,1089216.89
9/30/2039  12:00:00 AMale,75-79,Female,187460.0413
9/30/2039  12:00:00 AMale,75-79,Male,1116138.575
9/30/2039  12:00:00 AMale,80-84,Female,137989.7793
9/30/2039  12:00:00 AMale,80-84,Male,935438.0405
9/30/2039  12:00:00 AMale,85+,Female,107154.095
9/30/2039  12:00:00 AMale,85+,Male,1381959.712
9/30/2039  12:00:00 AMale,< 20,Female,2516.269034
9/30/2039  12:00:00 AMale,< 20,Male,6745.907783
9/30/2040  12:00:00 AMale,20-24,Female,49026.3445
9/30/2040  12:00:00 AMale,20-24,Male,203506.42
9/30/2040  12:00:00 AMale,25-29,Female,111255.8871
9/30/2040  12:00:00 AMale,25-29,Male,489174.3335
9/30/2040  12:00:00 AMale,30-34,Female,136919.9708
9/30/2040  12:00:00 AMale,30-34,Male,601409.975
9/30/2040  12:00:00 AMale,35-39,Female,148966.6883
9/30/2040  12:00:00 AMale,35-39,Male,652289.9983
9/30/2040  12:00:00 AMale,40-44,Female,164093.0104
9/30/2040  12:00:00 AMale,40-44,Male,707757.2987
9/30/2040  12:00:00 AMale,45-49,Female,168303.1848
9/30/2040  12:00:00 AMale,45-49,Male,748903.8515
9/30/2040  12:00:00 AMale,50-54,Female,201503.2846
9/30/2040  12:00:00 AMale,50-54,Male,904223.1751
9/30/2040  12:00:00 AMale,55-59,Female,220856.2766
9/30/2040  12:00:00 AMale,55-59,Male,952800.4631
9/30/2040  12:00:00 AMale,60-64,Female,200174.5325
9/30/2040  12:00:00 AMale,60-64,Male,847544.0762
9/30/2040  12:00:00 AMale,65-69,Female,175503.1379
9/30/2040  12:00:00 AMale,65-69,Male,879878.7892
9/30/2040  12:00:00 AMale,70-74,Female,185069.3028
9/30/2040  12:00:00 AMale,70-74,Male,1069156.901
9/30/2040  12:00:00 AMale,75-79,Female,182066.4078
9/30/2040  12:00:00 AMale,75-79,Male,1085511.809
9/30/2040  12:00:00 AMale,80-84,Female,144169.2008
9/30/2040  12:00:00 AMale,80-84,Male,928665.3719
9/30/2040  12:00:00 AMale,85+,Female,117326.756
9/30/2040  12:00:00 AMale,85+,Male,1327796.016
9/30/2040  12:00:00 AMale,< 20,Female,2519.587341
9/30/2040  12:00:00 AMale,< 20,Male,6756.08513
9/30/2041  12:00:00 AMale,20-24,Female,49055.36295
9/30/2041  12:00:00 AMale,20-24,Male,203709.4513
9/30/2041  12:00:00 AMale,25-29,Female,111298.4848
9/30/2041  12:00:00 AMale,25-29,Male,489540.2405
9/30/2041  12:00:00 AMale,30-34,Female,136744.3556
9/30/2041  12:00:00 AMale,30-34,Male,600792.1288
9/30/2041  12:00:00 AMale,35-39,Female,147834.4621
9/30/2041  12:00:00 AMale,35-39,Male,647611.3503
9/30/2041  12:00:00 AMale,40-44,Female,163618.4648
9/30/2041  12:00:00 AMale,40-44,Male,714078.5003
9/30/2041  12:00:00 AMale,45-49,Female,165856.5992
9/30/2041  12:00:00 AMale,45-49,Male,732731.0285
9/30/2041  12:00:00 AMale,50-54,Female,197698.251
9/30/2041  12:00:00 AMale,50-54,Male,882166.678
9/30/2041  12:00:00 AMale,55-59,Female,215084.7013
9/30/2041  12:00:00 AMale,55-59,Male,939342.424
9/30/2041  12:00:00 AMale,60-64,Female,207426.4204
9/30/2041  12:00:00 AMale,60-64,Male,867920.4166
9/30/2041  12:00:00 AMale,65-69,Female,173449.7905
9/30/2041  12:00:00 AMale,65-69,Male,826252.194
9/30/2041  12:00:00 AMale,70-74,Female,183963.8407
9/30/2041  12:00:00 AMale,70-74,Male,1035230.027
9/30/2041  12:00:00 AMale,75-79,Female,175179.6194
9/30/2041  12:00:00 AMale,75-79,Male,1047135.157
9/30/2041  12:00:00 AMale,80-84,Female,150622.5113
9/30/2041  12:00:00 AMale,80-84,Male,920227.6497
9/30/2041  12:00:00 AMale,85+,Female,127362.6938
9/30/2041  12:00:00 AMale,85+,Male,1283871.933
9/30/2041  12:00:00 AMale,< 20,Female,2518.988069
9/30/2041  12:00:00 AMale,< 20,Male,6754.849818
9/30/2042  12:00:00 AMale,20-24,Female,49107.05914
9/30/2042  12:00:00 AMale,20-24,Male,204018.0118
9/30/2042  12:00:00 AMale,25-29,Female,111323.104
9/30/2042  12:00:00 AMale,25-29,Male,489792.18
9/30/2042  12:00:00 AMale,30-34,Female,136655.5559
9/30/2042  12:00:00 AMale,30-34,Male,600596.9479
9/30/2042  12:00:00 AMale,35-39,Female,147139.0233
9/30/2042  12:00:00 AMale,35-39,Male,644737.9183
9/30/2042  12:00:00 AMale,40-44,Female,162213.288
9/30/2042  12:00:00 AMale,40-44,Male,716440.5668
9/30/2042  12:00:00 AMale,45-49,Female,165937.339
9/30/2042  12:00:00 AMale,45-49,Male,725638.6754
9/30/2042  12:00:00 AMale,50-54,Female,191421.235
9/30/2042  12:00:00 AMale,50-54,Male,853933.6605
9/30/2042  12:00:00 AMale,55-59,Female,208798.6485
9/30/2042  12:00:00 AMale,55-59,Male,921449.6536
9/30/2042  12:00:00 AMale,60-64,Female,214234.1828
9/30/2042  12:00:00 AMale,60-64,Male,890409.0179
9/30/2042  12:00:00 AMale,65-69,Female,175638.948
9/30/2042  12:00:00 AMale,65-69,Male,796917.2668
9/30/2042  12:00:00 AMale,70-74,Female,180515.2304
9/30/2042  12:00:00 AMale,70-74,Male,986542.0375
9/30/2042  12:00:00 AMale,75-79,Female,168955.6246
9/30/2042  12:00:00 AMale,75-79,Male,1008631.443
9/30/2042  12:00:00 AMale,80-84,Female,155417.2691
9/30/2042  12:00:00 AMale,80-84,Male,911154.7026
9/30/2042  12:00:00 AMale,85+,Female,136897.0298
9/30/2042  12:00:00 AMale,85+,Male,1243963.78
9/30/2042  12:00:00 AMale,< 20,Female,2519.155761
9/30/2042  12:00:00 AMale,< 20,Male,6755.850853
9/30/2043  12:00:00 AMale,20-24,Female,49161.43672
9/30/2043  12:00:00 AMale,20-24,Male,204337.4247
9/30/2043  12:00:00 AMale,25-29,Female,111331.0044
9/30/2043  12:00:00 AMale,25-29,Male,489936.5798
9/30/2043  12:00:00 AMale,30-34,Female,136676.5723
9/30/2043  12:00:00 AMale,30-34,Male,600934.8127
9/30/2043  12:00:00 AMale,35-39,Female,146643.0336
9/30/2043  12:00:00 AMale,35-39,Male,642689.5381
9/30/2043  12:00:00 AMale,40-44,Female,160659.7728
9/30/2043  12:00:00 AMale,40-44,Male,715029.5857
9/30/2043  12:00:00 AMale,45-49,Female,166900.0635
9/30/2043  12:00:00 AMale,45-49,Male,726895.0748
9/30/2043  12:00:00 AMale,50-54,Female,184042.9744
9/30/2043  12:00:00 AMale,50-54,Male,818640.669
9/30/2043  12:00:00 AMale,55-59,Female,204836.9359
9/30/2043  12:00:00 AMale,55-59,Male,911132.4026
9/30/2043  12:00:00 AMale,60-64,Female,217885.0842
9/30/2043  12:00:00 AMale,60-64,Male,905895.0327
9/30/2043  12:00:00 AMale,65-69,Female,179764.5838
9/30/2043  12:00:00 AMale,65-69,Male,782361.3341
9/30/2043  12:00:00 AMale,70-74,Female,175601.6526
9/30/2043  12:00:00 AMale,70-74,Male,927772.5641
9/30/2043  12:00:00 AMale,75-79,Female,165267.6427
9/30/2043  12:00:00 AMale,75-79,Male,975089.3271
9/30/2043  12:00:00 AMale,80-84,Female,157783.2461
9/30/2043  12:00:00 AMale,80-84,Male,903953.3521
9/30/2043  12:00:00 AMale,85+,Female,145921.3734
9/30/2043  12:00:00 AMale,85+,Male,1205006.295
9/30/2043  12:00:00 AMale,< 20,Female,2519.111479
9/30/2043  12:00:00 AMale,< 20,Male,6756.210766
9/30/2044  12:00:00 AMale,20-24,Female,49195.59649
9/30/2044  12:00:00 AMale,20-24,Male,204559.3815
9/30/2044  12:00:00 AMale,25-29,Female,111321.7148
9/30/2044  12:00:00 AMale,25-29,Male,489997.6446
9/30/2044  12:00:00 AMale,30-34,Female,136803.1335
9/30/2044  12:00:00 AMale,30-34,Male,601752.0269
9/30/2044  12:00:00 AMale,35-39,Female,146249.4893
9/30/2044  12:00:00 AMale,35-39,Male,641049.5236
9/30/2044  12:00:00 AMale,40-44,Female,159748.7226
9/30/2044  12:00:00 AMale,40-44,Male,712579.8459
9/30/2044  12:00:00 AMale,45-49,Female,168066.7208
9/30/2044  12:00:00 AMale,45-49,Male,731358.5684
9/30/2044  12:00:00 AMale,50-54,Female,175701.8913
9/30/2044  12:00:00 AMale,50-54,Male,782424.8949
9/30/2044  12:00:00 AMale,55-59,Female,202085.5114
9/30/2044  12:00:00 AMale,55-59,Male,898948.915
9/30/2044  12:00:00 AMale,60-64,Female,218052.8366
9/30/2044  12:00:00 AMale,60-64,Male,913161.0786
9/30/2044  12:00:00 AMale,65-69,Female,184908.0408
9/30/2044  12:00:00 AMale,65-69,Male,780187.3646
9/30/2044  12:00:00 AMale,70-74,Female,170925.0867
9/30/2044  12:00:00 AMale,70-74,Male,868627.0065
9/30/2044  12:00:00 AMale,75-79,Female,164313.8917
9/30/2044  12:00:00 AMale,75-79,Male,947201.0674
9/30/2044  12:00:00 AMale,80-84,Female,156807.6488
9/30/2044  12:00:00 AMale,80-84,Male,892918.3627
9/30/2044  12:00:00 AMale,85+,Female,155627.2855
9/30/2044  12:00:00 AMale,85+,Male,1171473.55
9/30/2044  12:00:00 AMale,< 20,Female,2520.061869
9/30/2044  12:00:00 AMale,< 20,Male,6759.464301
9/30/2045  12:00:00 AMale,20-24,Female,49207.20183
9/30/2045  12:00:00 AMale,20-24,Male,204668.959
9/30/2045  12:00:00 AMale,25-29,Female,111370.483
9/30/2045  12:00:00 AMale,25-29,Male,490362.2822
9/30/2045  12:00:00 AMale,30-34,Female,136931.2308
9/30/2045  12:00:00 AMale,30-34,Male,602528.4237
9/30/2045  12:00:00 AMale,35-39,Female,145956.6504
9/30/2045  12:00:00 AMale,35-39,Male,639872.286
9/30/2045  12:00:00 AMale,40-44,Female,158263.6153
9/30/2045  12:00:00 AMale,40-44,Male,706291.7176
9/30/2045  12:00:00 AMale,45-49,Female,169178.0586
9/30/2045  12:00:00 AMale,45-49,Male,739815.627
9/30/2045  12:00:00 AMale,50-54,Female,169376.5094
9/30/2045  12:00:00 AMale,50-54,Male,752615.0751
9/30/2045  12:00:00 AMale,55-59,Female,199105.0613
9/30/2045  12:00:00 AMale,55-59,Male,883097.0551
9/30/2045  12:00:00 AMale,60-64,Female,215415.027
9/30/2045  12:00:00 AMale,60-64,Male,911411.6305
9/30/2045  12:00:00 AMale,65-69,Female,192247.419
9/30/2045  12:00:00 AMale,65-69,Male,794326.8889
9/30/2045  12:00:00 AMale,70-74,Female,164098.4672
9/30/2045  12:00:00 AMale,70-74,Male,801305.5589
9/30/2045  12:00:00 AMale,75-79,Female,166843.3401
9/30/2045  12:00:00 AMale,75-79,Male,931153.968
9/30/2045  12:00:00 AMale,80-84,Female,152407.9035
9/30/2045  12:00:00 AMale,80-84,Male,869711.2208
9/30/2045  12:00:00 AMale,85+,Female,165922.252
9/30/2045  12:00:00 AMale,85+,Male,1146526.663
9/30/2045  12:00:00 AMale,< 20,Female,2519.210593
9/30/2045  12:00:00 AMale,< 20,Male,6757.451169
9/30/2046  12:00:00 AMale,20-24,Female,49206.8656
9/30/2046  12:00:00 AMale,20-24,Male,204727.433
9/30/2046  12:00:00 AMale,25-29,Female,111476.2943
9/30/2046  12:00:00 AMale,25-29,Male,491003.4672
9/30/2046  12:00:00 AMale,30-34,Female,137017.8178
9/30/2046  12:00:00 AMale,30-34,Male,603059.0704
9/30/2046  12:00:00 AMale,35-39,Female,145791.0978
9/30/2046  12:00:00 AMale,35-39,Male,639304.6935
9/30/2046  12:00:00 AMale,40-44,Female,157078.7627
9/30/2046  12:00:00 AMale,40-44,Male,701293.45
9/30/2046  12:00:00 AMale,45-49,Female,168724.4793
9/30/2046  12:00:00 AMale,45-49,Male,746196.184
9/30/2046  12:00:00 AMale,50-54,Female,166938.241
9/30/2046  12:00:00 AMale,50-54,Male,736608.6131
9/30/2046  12:00:00 AMale,55-59,Female,195359.9685
9/30/2046  12:00:00 AMale,55-59,Male,861709.3417
9/30/2046  12:00:00 AMale,60-64,Female,209849.6707
9/30/2046  12:00:00 AMale,60-64,Male,898977.1148
9/30/2046  12:00:00 AMale,65-69,Female,199290.3039
9/30/2046  12:00:00 AMale,65-69,Male,814024.5856
9/30/2046  12:00:00 AMale,70-74,Female,162314.2268
9/30/2046  12:00:00 AMale,70-74,Male,753316.3463
9/30/2046  12:00:00 AMale,75-79,Female,165942.9762
9/30/2046  12:00:00 AMale,75-79,Male,902415.8023
9/30/2046  12:00:00 AMale,80-84,Female,146880.129
9/30/2046  12:00:00 AMale,80-84,Male,840446.0499
9/30/2046  12:00:00 AMale,85+,Female,176213.5421
9/30/2046  12:00:00 AMale,85+,Male,1128398.634
9/30/2046  12:00:00 AMale,< 20,Female,2518.883236
9/30/2046  12:00:00 AMale,< 20,Male,6756.954229
9/30/2047  12:00:00 AMale,20-24,Female,49206.80597
9/30/2047  12:00:00 AMale,20-24,Male,204784.8984
9/30/2047  12:00:00 AMale,25-29,Female,111579.5545
9/30/2047  12:00:00 AMale,25-29,Male,491641.1618
9/30/2047  12:00:00 AMale,30-34,Female,137093.1624
9/30/2047  12:00:00 AMale,30-34,Male,603501.178
9/30/2047  12:00:00 AMale,35-39,Female,145713.4829
9/30/2047  12:00:00 AMale,35-39,Male,639164.6772
9/30/2047  12:00:00 AMale,40-44,Female,156354.4027
9/30/2047  12:00:00 AMale,40-44,Male,698239.7903
9/30/2047  12:00:00 AMale,45-49,Female,167319.9367
9/30/2047  12:00:00 AMale,45-49,Male,748487.4727
9/30/2047  12:00:00 AMale,50-54,Female,167016.4858
9/30/2047  12:00:00 AMale,50-54,Male,729639.9716
9/30/2047  12:00:00 AMale,55-59,Female,189183.0836
9/30/2047  12:00:00 AMale,55-59,Male,834310.276
9/30/2047  12:00:00 AMale,60-64,Female,203793.0204
9/30/2047  12:00:00 AMale,60-64,Male,882338.4065
9/30/2047  12:00:00 AMale,65-69,Female,205905.9182
9/30/2047  12:00:00 AMale,65-69,Male,835684.2688
9/30/2047  12:00:00 AMale,70-74,Female,164477.0981
9/30/2047  12:00:00 AMale,70-74,Male,727341.662
9/30/2047  12:00:00 AMale,75-79,Female,162862.8744
9/30/2047  12:00:00 AMale,75-79,Male,860378.6547
9/30/2047  12:00:00 AMale,80-84,Female,141936.7325
9/30/2047  12:00:00 AMale,80-84,Male,811123.7912
9/30/2047  12:00:00 AMale,85+,Female,184719.6021
9/30/2047  12:00:00 AMale,85+,Male,1112343.337
9/30/2047  12:00:00 AMale,< 20,Female,2518.6327
9/30/2047  12:00:00 AMale,< 20,Male,6756.670435
9/30/2048  12:00:00 AMale,20-24,Female,49195.47015
9/30/2048  12:00:00 AMale,20-24,Male,204786.5777
9/30/2048  12:00:00 AMale,25-29,Female,111655.7178
9/30/2048  12:00:00 AMale,25-29,Male,492148.5009
9/30/2048  12:00:00 AMale,30-34,Female,137142.1209
9/30/2048  12:00:00 AMale,30-34,Male,603805.2834
9/30/2048  12:00:00 AMale,35-39,Female,145745.3289
9/30/2048  12:00:00 AMale,35-39,Male,639551.7821
9/30/2048  12:00:00 AMale,40-44,Female,155829.6627
9/30/2048  12:00:00 AMale,40-44,Male,696013.7372
9/30/2048  12:00:00 AMale,45-49,Female,165751.341
9/30/2048  12:00:00 AMale,45-49,Male,746930.8072
9/30/2048  12:00:00 AMale,50-54,Female,167973.6889
9/30/2048  12:00:00 AMale,50-54,Male,730927.4641
9/30/2048  12:00:00 AMale,55-59,Female,181925.9765
9/30/2048  12:00:00 AMale,55-59,Male,800086.0021
9/30/2048  12:00:00 AMale,60-64,Female,199994.111
9/30/2048  12:00:00 AMale,60-64,Male,872914.2724
9/30/2048  12:00:00 AMale,65-69,Female,209460.8718
9/30/2048  12:00:00 AMale,65-69,Male,850658.9937
9/30/2048  12:00:00 AMale,70-74,Female,168437.8848
9/30/2048  12:00:00 AMale,70-74,Male,714763.3789
9/30/2048  12:00:00 AMale,75-79,Female,158475.9655
9/30/2048  12:00:00 AMale,75-79,Male,809580.2612
9/30/2048  12:00:00 AMale,80-84,Female,139136.6737
9/30/2048  12:00:00 AMale,80-84,Male,785965.2677
9/30/2048  12:00:00 AMale,85+,Female,190888.4479
9/30/2048  12:00:00 AMale,85+,Male,1097273.903
9/30/2048  12:00:00 AMale,< 20,Female,2518.569526
9/30/2048  12:00:00 AMale,< 20,Male,6756.92754
